Date,City_State,Temperature_Max (°C),Temperature_Min (°C),Temperature_Avg (°C),Humidity (%),Rainfall (mm),Wind_Speed (km/h),AQI,AQI_Category,Pressure (hPa),Cloud_Cover (%)
2024-01-01,"Delhi, Delhi",25.4,10.7,18.1,84.1,0.0,9.0,130,Moderate,1008.4,46.0
2024-01-02,"Delhi, Delhi",30.8,24.2,27.5,90.4,54.3,20.5,207,Poor,996.5,89.8
2024-01-03,"Delhi, Delhi",36.0,24.1,30.0,72.4,0.0,9.5,303,Very Poor,1016.1,66.7
2024-01-04,"Delhi, Delhi",33.8,28.0,30.9,31.6,9.6,11.4,117,Moderate,996.1,19.9
2024-01-05,"Delhi, Delhi",31.4,16.9,24.1,91.8,0.0,8.7,273,Poor,1001.5,68.9
2024-01-06,"Delhi, Delhi",37.3,28.1,32.7,90.6,0.0,10.7,86,Satisfactory,1018.4,98.8
2024-01-07,"Delhi, Delhi",25.8,12.8,19.3,70.8,71.2,3.4,271,Poor,999.7,81.6
2024-01-08,"Delhi, Delhi",40.2,29.2,34.7,60.7,34.4,21.1,266,Poor,1023.8,16.8
2024-01-09,"Delhi, Delhi",44.7,31.3,38.0,38.1,0.0,15.6,143,Moderate,1004.0,10.2
2024-01-10,"Delhi, Delhi",36.8,29.1,33.0,70.6,0.0,8.8,83,Satisfactory,1023.2,77.5
2024-01-11,"Delhi, Delhi",29.4,14.5,22.0,91.4,59.4,6.2,50,Good,1009.9,92.0
2024-01-12,"Delhi, Delhi",41.3,34.1,37.7,44.5,0.0,4.1,80,Satisfactory,1020.7,30.2
2024-01-13,"Delhi, Delhi",33.5,24.0,28.8,40.6,0.0,3.9,124,Moderate,1013.8,67.2
2024-01-14,"Delhi, Delhi",26.6,12.7,19.6,65.6,8.2,14.1,58,Satisfactory,1015.6,12.8
2024-01-15,"Delhi, Delhi",29.1,23.0,26.1,47.5,47.2,2.9,329,Very Poor,994.3,48.0
2024-01-16,"Delhi, Delhi",41.3,29.1,35.2,92.1,0.0,16.9,327,Very Poor,1021.4,28.1
2024-01-17,"Delhi, Delhi",42.6,31.1,36.8,64.6,3.3,24.9,266,Poor,1013.2,58.0
2024-01-18,"Delhi, Delhi",28.0,22.4,25.2,80.7,14.1,3.3,114,Moderate,1014.3,98.4
2024-01-19,"Delhi, Delhi",38.2,25.6,31.9,47.2,15.8,8.8,158,Moderate,1016.9,64.3
2024-01-20,"Delhi, Delhi",31.1,17.3,24.2,94.8,3.7,22.4,167,Moderate,1010.8,42.2
2024-01-21,"Delhi, Delhi",25.7,20.0,22.9,88.9,0.0,10.0,245,Poor,1021.5,7.1
2024-01-22,"Delhi, Delhi",27.8,20.8,24.3,42.0,0.0,12.1,313,Very Poor,1011.5,12.9
2024-01-23,"Delhi, Delhi",40.1,27.0,33.6,31.2,0.0,21.1,74,Satisfactory,999.9,87.9
2024-01-24,"Delhi, Delhi",35.1,21.4,28.3,62.1,0.0,8.3,167,Moderate,1003.8,45.1
2024-01-25,"Delhi, Delhi",38.8,32.4,35.6,61.6,45.4,10.8,160,Moderate,991.4,7.9
2024-01-26,"Delhi, Delhi",26.2,12.4,19.3,59.1,53.9,2.4,264,Poor,1006.7,70.3
2024-01-27,"Delhi, Delhi",41.8,36.7,39.3,46.0,0.0,10.3,137,Moderate,999.5,85.1
2024-01-28,"Delhi, Delhi",40.5,30.3,35.4,52.6,0.0,16.9,47,Good,1024.1,85.5
2024-01-29,"Delhi, Delhi",29.9,18.5,24.2,73.3,1.7,13.5,150,Moderate,990.4,5.9
2024-01-30,"Delhi, Delhi",29.6,24.6,27.1,77.4,9.7,19.1,133,Moderate,1019.7,45.1
2024-01-31,"Delhi, Delhi",36.0,28.1,32.0,49.9,0.0,18.9,282,Poor,1004.2,11.5
2024-02-01,"Delhi, Delhi",37.8,30.3,34.0,76.4,23.9,19.0,106,Moderate,990.5,28.6
2024-02-02,"Delhi, Delhi",28.2,16.5,22.3,41.7,0.0,5.8,267,Poor,990.1,73.3
2024-02-03,"Delhi, Delhi",39.5,27.9,33.7,76.1,0.2,13.1,279,Poor,990.2,81.4
2024-02-04,"Delhi, Delhi",33.2,26.9,30.1,31.5,0.0,9.2,44,Good,1012.9,27.0
2024-02-05,"Delhi, Delhi",31.7,26.0,28.9,93.4,69.7,4.0,105,Moderate,1003.5,11.7
2024-02-06,"Delhi, Delhi",36.4,30.0,33.2,54.3,0.0,14.8,94,Satisfactory,1019.6,80.6
2024-02-07,"Delhi, Delhi",25.2,13.0,19.1,75.9,0.0,9.8,120,Moderate,992.8,47.1
2024-02-08,"Delhi, Delhi",38.8,29.3,34.1,44.7,0.0,10.3,187,Moderate,1018.8,83.0
2024-02-09,"Delhi, Delhi",25.8,18.1,21.9,30.4,0.0,18.8,289,Poor,1002.1,68.8
2024-02-10,"Delhi, Delhi",25.7,16.8,21.2,75.3,0.0,22.4,111,Moderate,1021.3,33.2
2024-02-11,"Delhi, Delhi",36.3,26.3,31.3,34.5,0.0,23.1,261,Poor,1004.2,18.6
2024-02-12,"Delhi, Delhi",27.1,16.3,21.7,65.4,2.4,3.0,118,Moderate,1007.4,70.5
2024-02-13,"Delhi, Delhi",30.5,16.1,23.3,38.1,0.0,18.6,200,Moderate,991.4,43.5
2024-02-14,"Delhi, Delhi",26.5,21.5,24.0,73.6,0.0,11.6,94,Satisfactory,990.8,36.9
2024-02-15,"Delhi, Delhi",28.5,18.8,23.6,35.9,0.0,14.0,46,Good,1021.4,23.6
2024-02-16,"Delhi, Delhi",31.8,26.2,29.0,61.6,0.0,20.6,306,Very Poor,1020.6,33.7
2024-02-17,"Delhi, Delhi",33.4,23.8,28.6,46.7,0.0,15.7,325,Very Poor,1024.9,46.3
2024-02-18,"Delhi, Delhi",28.4,14.8,21.6,30.9,63.9,22.9,101,Moderate,1018.7,89.4
2024-02-19,"Delhi, Delhi",42.7,32.1,37.4,64.7,21.6,9.5,145,Moderate,1003.0,77.2
2024-02-20,"Delhi, Delhi",28.3,16.2,22.3,64.8,0.0,3.0,305,Very Poor,1001.3,58.2
2024-02-21,"Delhi, Delhi",44.4,30.8,37.6,69.1,7.0,12.5,127,Moderate,1006.9,77.0
2024-02-22,"Delhi, Delhi",44.0,36.8,40.4,51.2,7.6,12.2,58,Satisfactory,1016.0,26.7
2024-02-23,"Delhi, Delhi",31.7,20.6,26.1,90.2,0.0,8.4,219,Poor,1023.6,18.6
2024-02-24,"Delhi, Delhi",38.8,31.0,34.9,77.9,0.0,10.1,139,Moderate,1001.0,51.6
2024-02-25,"Delhi, Delhi",27.7,13.4,20.5,86.4,7.1,20.6,239,Poor,1016.9,15.8
2024-02-26,"Delhi, Delhi",26.5,14.8,20.7,83.4,2.5,22.2,99,Satisfactory,998.5,57.3
2024-02-27,"Delhi, Delhi",28.4,13.7,21.0,59.4,0.0,6.3,84,Satisfactory,1000.6,13.8
2024-02-28,"Delhi, Delhi",28.3,13.5,20.9,83.4,0.0,4.8,193,Moderate,1010.3,93.2
2024-02-29,"Delhi, Delhi",33.1,18.9,26.0,76.2,0.0,24.6,221,Poor,1013.3,32.1
2024-03-01,"Delhi, Delhi",41.1,27.9,34.5,93.6,5.1,5.0,67,Satisfactory,1009.1,56.9
2024-03-02,"Delhi, Delhi",44.5,35.8,40.1,90.0,5.5,17.2,248,Poor,1024.6,30.2
2024-03-03,"Delhi, Delhi",34.9,28.7,31.8,56.1,3.6,5.5,86,Satisfactory,1002.8,40.5
2024-03-04,"Delhi, Delhi",32.2,22.0,27.1,73.6,29.4,18.6,49,Good,1010.2,66.5
2024-03-05,"Delhi, Delhi",26.0,17.4,21.7,85.7,0.0,10.9,196,Moderate,1022.0,77.4
2024-03-06,"Delhi, Delhi",26.0,13.2,19.6,85.0,0.0,21.4,88,Satisfactory,1015.5,98.2
2024-03-07,"Delhi, Delhi",42.4,29.7,36.1,46.1,0.5,6.6,264,Poor,1003.0,52.7
2024-03-08,"Delhi, Delhi",27.0,19.7,23.3,76.1,0.0,4.1,130,Moderate,1005.3,26.9
2024-03-09,"Delhi, Delhi",40.5,35.0,37.7,30.8,0.0,7.4,260,Poor,1022.6,86.7
2024-03-10,"Delhi, Delhi",33.3,18.5,25.9,43.0,0.0,10.7,167,Moderate,1021.9,63.5
2024-03-11,"Delhi, Delhi",30.0,17.0,23.5,48.2,45.3,7.6,271,Poor,992.7,38.9
2024-03-12,"Delhi, Delhi",39.4,25.2,32.3,56.5,46.2,20.5,217,Poor,992.3,70.8
2024-03-13,"Delhi, Delhi",34.1,27.4,30.8,47.4,5.1,15.0,322,Very Poor,1015.0,94.1
2024-03-14,"Delhi, Delhi",44.3,34.1,39.2,49.7,14.6,2.9,334,Very Poor,1012.9,47.1
2024-03-15,"Delhi, Delhi",33.5,24.0,28.8,46.5,0.0,9.0,261,Poor,996.4,13.2
2024-03-16,"Delhi, Delhi",41.7,26.8,34.3,31.5,1.2,8.6,57,Satisfactory,998.4,79.8
2024-03-17,"Delhi, Delhi",31.3,24.5,27.9,88.6,0.0,9.4,175,Moderate,1016.1,97.3
2024-03-18,"Delhi, Delhi",25.7,17.0,21.3,45.4,15.1,7.1,345,Very Poor,1022.3,45.5
2024-03-19,"Delhi, Delhi",29.5,23.9,26.7,36.7,0.0,7.8,215,Poor,1022.9,91.1
2024-03-20,"Delhi, Delhi",42.6,33.5,38.0,64.9,0.0,17.7,167,Moderate,994.2,15.8
2024-03-21,"Delhi, Delhi",41.8,32.3,37.0,71.4,2.3,12.9,317,Very Poor,1011.6,48.4
2024-03-22,"Delhi, Delhi",35.0,26.9,31.0,93.3,0.0,18.8,204,Poor,998.5,21.3
2024-03-23,"Delhi, Delhi",28.5,15.9,22.2,31.0,0.0,14.9,267,Poor,1001.0,33.0
2024-03-24,"Delhi, Delhi",34.5,26.8,30.7,31.9,0.0,21.9,193,Moderate,1016.1,86.5
2024-03-25,"Delhi, Delhi",34.0,19.2,26.6,52.8,0.0,19.8,86,Satisfactory,1010.0,77.3
2024-03-26,"Delhi, Delhi",28.7,17.2,23.0,76.3,0.0,24.0,302,Very Poor,1022.3,48.4
2024-03-27,"Delhi, Delhi",33.4,19.3,26.3,94.6,26.3,24.0,89,Satisfactory,993.4,6.4
2024-03-28,"Delhi, Delhi",41.1,33.2,37.2,73.2,4.3,14.1,193,Moderate,1014.2,88.9
2024-03-29,"Delhi, Delhi",29.1,20.0,24.6,85.0,3.5,15.5,146,Moderate,1002.5,59.8
2024-03-30,"Delhi, Delhi",39.6,26.9,33.3,86.7,0.0,13.8,216,Poor,1019.0,47.2
2024-03-31,"Delhi, Delhi",30.7,22.1,26.4,35.5,0.0,4.4,244,Poor,1018.5,8.7
2024-04-01,"Delhi, Delhi",43.9,33.6,38.7,65.1,0.0,15.9,307,Very Poor,1024.5,94.1
2024-04-02,"Delhi, Delhi",43.2,28.8,36.0,34.2,0.0,14.3,79,Satisfactory,1021.9,85.4
2024-04-03,"Delhi, Delhi",30.3,21.8,26.0,76.0,0.0,20.5,264,Poor,1002.9,66.6
2024-04-04,"Delhi, Delhi",28.1,16.4,22.3,79.0,0.0,15.8,200,Moderate,999.3,55.1
2024-04-05,"Delhi, Delhi",35.9,25.6,30.7,34.9,0.0,12.8,162,Moderate,1015.2,55.3
2024-04-06,"Delhi, Delhi",39.0,31.5,35.3,88.7,78.8,17.8,99,Satisfactory,1022.9,73.6
2024-04-07,"Delhi, Delhi",28.8,15.2,22.0,46.8,0.0,6.9,262,Poor,999.5,21.1
2024-04-08,"Delhi, Delhi",27.3,14.0,20.6,46.4,7.8,15.7,149,Moderate,1006.1,39.6
2024-04-09,"Delhi, Delhi",31.6,17.5,24.5,36.3,41.6,4.8,174,Moderate,997.4,7.8
2024-04-10,"Delhi, Delhi",42.7,30.4,36.6,90.3,0.0,2.2,120,Moderate,998.4,14.6
2024-04-11,"Delhi, Delhi",30.3,24.9,27.6,75.8,0.0,4.4,273,Poor,1011.4,13.9
2024-04-12,"Delhi, Delhi",44.5,36.2,40.4,37.7,5.7,16.3,68,Satisfactory,1001.0,56.5
2024-04-13,"Delhi, Delhi",44.5,36.7,40.6,92.0,0.0,13.0,99,Satisfactory,997.8,72.0
2024-04-14,"Delhi, Delhi",40.9,28.0,34.4,45.4,3.0,18.0,213,Poor,992.9,44.7
2024-04-15,"Delhi, Delhi",27.4,16.9,22.2,51.3,0.0,16.3,258,Poor,1009.0,75.3
2024-04-16,"Delhi, Delhi",35.7,23.2,29.5,39.1,0.0,23.4,93,Satisfactory,1020.6,17.8
2024-04-17,"Delhi, Delhi",36.1,28.2,32.2,91.1,0.0,8.6,115,Moderate,996.8,6.1
2024-04-18,"Delhi, Delhi",37.9,25.3,31.6,37.7,0.0,22.5,173,Moderate,1014.5,24.2
2024-04-19,"Delhi, Delhi",25.1,13.6,19.4,43.2,0.0,4.4,125,Moderate,1007.3,62.9
2024-04-20,"Delhi, Delhi",35.3,23.5,29.4,92.4,71.2,17.4,335,Very Poor,1022.6,42.8
2024-04-21,"Delhi, Delhi",37.8,30.7,34.3,32.0,49.9,23.3,176,Moderate,1008.5,76.6
2024-04-22,"Delhi, Delhi",27.8,15.7,21.8,73.0,0.0,11.9,176,Moderate,1013.4,45.8
2024-04-23,"Delhi, Delhi",27.2,17.1,22.1,60.2,9.5,15.8,333,Very Poor,1005.9,38.8
2024-04-24,"Delhi, Delhi",27.4,18.2,22.8,34.7,0.0,23.3,204,Poor,1003.1,77.0
2024-04-25,"Delhi, Delhi",25.8,14.9,20.3,85.6,3.9,10.6,304,Very Poor,994.9,72.4
2024-04-26,"Delhi, Delhi",43.1,35.7,39.4,43.4,9.7,9.4,83,Satisfactory,991.3,92.2
2024-04-27,"Delhi, Delhi",42.1,36.0,39.0,74.8,0.0,3.7,136,Moderate,1014.3,29.0
2024-04-28,"Delhi, Delhi",44.3,29.9,37.1,42.6,0.0,15.1,135,Moderate,997.8,76.9
2024-04-29,"Delhi, Delhi",43.5,32.5,38.0,43.2,74.0,22.1,301,Very Poor,1024.9,28.2
2024-04-30,"Delhi, Delhi",44.2,35.9,40.1,87.6,8.5,3.7,61,Satisfactory,1019.3,21.6
2024-05-01,"Delhi, Delhi",27.2,15.0,21.1,47.4,0.0,12.9,275,Poor,1018.1,80.0
2024-05-02,"Delhi, Delhi",37.3,27.2,32.3,94.5,0.0,13.3,141,Moderate,1013.9,14.6
2024-05-03,"Delhi, Delhi",37.3,25.5,31.4,52.8,0.0,11.7,340,Very Poor,996.6,5.8
2024-05-04,"Delhi, Delhi",38.1,24.3,31.2,43.9,0.0,4.6,153,Moderate,1010.1,79.2
2024-05-05,"Delhi, Delhi",31.4,16.5,24.0,40.2,0.0,12.8,227,Poor,1024.5,45.4
2024-05-06,"Delhi, Delhi",30.4,25.1,27.7,47.0,2.9,3.9,235,Poor,994.7,19.8
2024-05-07,"Delhi, Delhi",28.2,21.5,24.8,73.0,0.0,3.7,58,Satisfactory,1016.0,72.6
2024-05-08,"Delhi, Delhi",30.7,19.8,25.3,49.4,0.0,20.2,198,Moderate,1023.7,45.6
2024-05-09,"Delhi, Delhi",36.1,21.4,28.7,94.7,0.0,10.9,197,Moderate,1011.5,10.3
2024-05-10,"Delhi, Delhi",36.3,24.9,30.6,78.1,1.9,21.5,342,Very Poor,1008.9,44.4
2024-05-11,"Delhi, Delhi",29.5,19.2,24.3,35.9,0.0,9.6,103,Moderate,1009.0,96.1
2024-05-12,"Delhi, Delhi",38.5,31.8,35.2,42.3,0.0,9.2,151,Moderate,1013.3,84.8
2024-05-13,"Delhi, Delhi",31.1,21.5,26.3,42.1,0.0,6.5,215,Poor,1006.8,89.3
2024-05-14,"Delhi, Delhi",27.4,20.3,23.9,32.4,0.0,3.8,273,Poor,1023.6,88.5
2024-05-15,"Delhi, Delhi",34.9,20.4,27.7,78.6,0.0,12.7,123,Moderate,1022.5,29.4
2024-05-16,"Delhi, Delhi",36.1,22.3,29.2,51.2,1.4,4.5,50,Good,1004.9,6.7
2024-05-17,"Delhi, Delhi",33.3,26.7,30.0,81.0,0.0,14.8,66,Satisfactory,1017.5,34.9
2024-05-18,"Delhi, Delhi",41.1,36.0,38.6,50.3,0.0,8.0,77,Satisfactory,1007.1,67.0
2024-05-19,"Delhi, Delhi",42.0,35.6,38.8,67.7,8.9,20.5,178,Moderate,1015.8,92.9
2024-05-20,"Delhi, Delhi",41.6,27.5,34.6,46.5,0.0,23.7,86,Satisfactory,990.7,96.7
2024-05-21,"Delhi, Delhi",41.6,30.6,36.1,42.1,0.0,10.1,49,Good,992.2,98.7
2024-05-22,"Delhi, Delhi",26.0,11.4,18.7,48.0,0.0,3.9,191,Moderate,995.5,28.7
2024-05-23,"Delhi, Delhi",29.5,20.6,25.1,72.5,4.4,4.9,64,Satisfactory,991.7,88.4
2024-05-24,"Delhi, Delhi",36.1,23.1,29.6,69.7,2.3,18.9,101,Moderate,1011.7,97.1
2024-05-25,"Delhi, Delhi",43.7,31.1,37.4,36.7,0.0,13.4,174,Moderate,1006.5,95.8
2024-05-26,"Delhi, Delhi",32.8,19.4,26.1,74.0,47.5,7.8,192,Moderate,1003.3,78.9
2024-05-27,"Delhi, Delhi",33.2,27.6,30.4,65.8,0.0,23.5,146,Moderate,1021.3,23.0
2024-05-28,"Delhi, Delhi",30.1,20.2,25.2,62.6,0.0,12.3,201,Poor,1002.7,6.6
2024-05-29,"Delhi, Delhi",30.2,19.7,24.9,78.1,0.0,20.0,199,Moderate,1002.7,74.9
2024-05-30,"Delhi, Delhi",26.4,19.6,23.0,94.0,4.7,13.8,253,Poor,1014.7,23.3
2024-05-31,"Delhi, Delhi",40.3,27.9,34.1,88.7,0.2,17.4,225,Poor,1021.3,10.4
2024-06-01,"Delhi, Delhi",43.2,32.8,38.0,85.8,0.0,21.8,166,Moderate,993.4,27.8
2024-06-02,"Delhi, Delhi",44.9,32.9,38.9,40.5,0.2,2.5,221,Poor,998.2,76.9
2024-06-03,"Delhi, Delhi",40.0,29.4,34.7,87.4,3.1,5.5,150,Moderate,1004.0,50.9
2024-06-04,"Delhi, Delhi",30.8,18.1,24.4,88.1,0.0,3.3,228,Poor,1003.1,49.1
2024-06-05,"Delhi, Delhi",36.3,23.9,30.1,47.6,0.0,14.6,174,Moderate,1014.6,100.0
2024-06-06,"Delhi, Delhi",26.6,12.1,19.3,36.5,10.0,2.5,268,Poor,1016.5,39.4
2024-06-07,"Delhi, Delhi",27.3,21.7,24.5,69.5,7.2,18.4,99,Satisfactory,1022.7,11.2
2024-06-08,"Delhi, Delhi",43.7,31.1,37.4,81.3,0.0,8.0,281,Poor,1010.2,83.1
2024-06-09,"Delhi, Delhi",25.9,17.5,21.7,55.4,0.0,24.7,340,Very Poor,1017.7,99.4
2024-06-10,"Delhi, Delhi",33.0,25.7,29.3,52.0,67.8,23.6,112,Moderate,1001.9,33.2
2024-06-11,"Delhi, Delhi",44.4,38.3,41.3,62.4,4.3,5.0,289,Poor,1015.1,98.2
2024-06-12,"Delhi, Delhi",37.6,23.4,30.5,32.4,0.0,11.9,224,Poor,1015.5,28.0
2024-06-13,"Delhi, Delhi",31.4,19.9,25.7,76.0,0.0,24.2,146,Moderate,1011.4,74.2
2024-06-14,"Delhi, Delhi",42.6,33.2,37.9,70.6,0.0,13.1,74,Satisfactory,1022.4,73.4
2024-06-15,"Delhi, Delhi",31.9,21.7,26.8,45.1,0.0,6.2,334,Very Poor,1001.3,9.7
2024-06-16,"Delhi, Delhi",39.8,31.5,35.7,62.1,76.9,8.0,176,Moderate,998.1,33.3
2024-06-17,"Delhi, Delhi",38.6,26.8,32.7,88.9,0.0,9.6,293,Poor,992.2,54.6
2024-06-18,"Delhi, Delhi",44.1,32.4,38.2,91.2,0.0,12.4,295,Poor,1001.6,96.0
2024-06-19,"Delhi, Delhi",43.6,30.6,37.1,69.6,30.4,9.3,267,Poor,993.3,72.2
2024-06-20,"Delhi, Delhi",39.9,28.6,34.3,57.8,0.0,3.9,125,Moderate,1000.2,56.7
2024-06-21,"Delhi, Delhi",40.0,33.6,36.8,70.4,0.0,5.0,149,Moderate,1020.2,63.3
2024-06-22,"Delhi, Delhi",36.7,25.7,31.2,80.5,5.1,13.5,164,Moderate,1011.3,90.3
2024-06-23,"Delhi, Delhi",29.9,21.4,25.6,40.6,15.4,14.2,234,Poor,1003.9,55.8
2024-06-24,"Delhi, Delhi",27.8,18.8,23.3,34.9,56.9,19.0,188,Moderate,1008.9,93.6
2024-06-25,"Delhi, Delhi",25.9,17.3,21.6,79.2,0.0,11.7,73,Satisfactory,1009.7,95.3
2024-06-26,"Delhi, Delhi",27.8,15.5,21.6,86.2,0.0,9.9,228,Poor,1001.4,28.1
2024-06-27,"Delhi, Delhi",42.6,36.0,39.3,34.2,0.0,12.8,111,Moderate,1012.0,85.6
2024-06-28,"Delhi, Delhi",28.4,23.2,25.8,69.6,0.0,10.5,313,Very Poor,1018.3,30.6
2024-06-29,"Delhi, Delhi",38.3,23.4,30.8,83.5,24.6,14.1,59,Satisfactory,1021.1,36.3
2024-06-30,"Delhi, Delhi",35.1,29.3,32.2,33.0,0.0,11.7,292,Poor,1022.0,73.8
2024-07-01,"Delhi, Delhi",30.7,23.8,27.2,33.5,0.0,16.1,257,Poor,991.8,14.4
2024-07-02,"Delhi, Delhi",32.3,18.7,25.5,60.4,2.2,3.3,89,Satisfactory,1025.0,71.0
2024-07-03,"Delhi, Delhi",34.8,20.1,27.5,91.7,70.7,7.0,338,Very Poor,1019.1,72.3
2024-07-04,"Delhi, Delhi",35.9,26.3,31.1,88.6,0.0,18.5,146,Moderate,1003.8,27.1
2024-07-05,"Delhi, Delhi",43.5,36.4,39.9,69.3,4.1,13.4,108,Moderate,1022.0,40.8
2024-07-06,"Delhi, Delhi",41.5,29.5,35.5,92.9,8.1,14.3,325,Very Poor,990.6,28.9
2024-07-07,"Delhi, Delhi",37.4,22.8,30.1,46.4,0.0,8.0,72,Satisfactory,994.4,26.3
2024-07-08,"Delhi, Delhi",34.3,23.7,29.0,95.0,0.0,10.2,348,Very Poor,1018.5,52.0
2024-07-09,"Delhi, Delhi",40.1,27.9,34.0,54.6,0.0,2.2,77,Satisfactory,998.1,44.9
2024-07-10,"Delhi, Delhi",35.0,26.2,30.6,65.1,0.0,8.3,301,Very Poor,996.3,57.9
2024-07-11,"Delhi, Delhi",25.7,13.2,19.5,71.8,0.0,22.0,89,Satisfactory,1002.5,64.5
2024-07-12,"Delhi, Delhi",41.5,31.0,36.3,44.3,36.7,2.1,348,Very Poor,1024.5,98.1
2024-07-13,"Delhi, Delhi",36.4,30.8,33.6,63.1,0.0,8.5,251,Poor,1021.6,22.6
2024-07-14,"Delhi, Delhi",36.0,28.3,32.1,95.0,5.9,21.4,246,Poor,990.3,25.9
2024-07-15,"Delhi, Delhi",26.1,20.3,23.2,31.3,0.0,15.9,287,Poor,1000.1,80.7
2024-07-16,"Delhi, Delhi",31.6,25.4,28.5,60.3,0.0,2.6,104,Moderate,1018.9,92.0
2024-07-17,"Delhi, Delhi",28.9,14.0,21.4,88.3,0.0,19.8,289,Poor,1022.6,39.1
2024-07-18,"Delhi, Delhi",35.6,29.6,32.6,76.1,3.7,9.8,319,Very Poor,997.6,87.8
2024-07-19,"Delhi, Delhi",33.3,28.0,30.6,38.8,33.9,19.1,114,Moderate,1024.0,61.9
2024-07-20,"Delhi, Delhi",43.7,30.4,37.0,62.5,0.0,9.6,150,Moderate,1006.2,12.4
2024-07-21,"Delhi, Delhi",29.4,23.9,26.7,45.6,0.0,19.4,342,Very Poor,1005.4,79.6
2024-07-22,"Delhi, Delhi",31.5,23.9,27.7,48.1,0.0,20.0,345,Very Poor,1014.5,17.2
2024-07-23,"Delhi, Delhi",29.5,17.2,23.4,69.5,0.0,20.3,139,Moderate,1023.2,89.7
2024-07-24,"Delhi, Delhi",28.6,17.0,22.8,94.6,0.0,9.2,194,Moderate,1021.9,97.1
2024-07-25,"Delhi, Delhi",32.3,22.3,27.3,88.8,0.0,8.8,186,Moderate,1024.2,46.5
2024-07-26,"Delhi, Delhi",36.0,28.5,32.3,58.3,5.2,4.5,184,Moderate,1004.2,81.4
2024-07-27,"Delhi, Delhi",34.0,23.4,28.7,30.2,3.7,13.0,104,Moderate,1000.6,49.4
2024-07-28,"Delhi, Delhi",39.2,24.3,31.7,77.9,0.3,17.9,109,Moderate,1015.2,58.0
2024-07-29,"Delhi, Delhi",37.8,28.8,33.3,83.7,0.0,16.4,332,Very Poor,1014.0,16.8
2024-07-30,"Delhi, Delhi",43.3,38.1,40.7,71.8,0.0,11.7,233,Poor,1018.1,31.8
2024-07-31,"Delhi, Delhi",33.2,22.3,27.8,75.9,0.0,17.7,310,Very Poor,1024.4,91.0
2024-08-01,"Delhi, Delhi",36.0,22.3,29.2,94.3,6.1,7.3,146,Moderate,995.8,77.2
2024-08-02,"Delhi, Delhi",43.0,34.8,38.9,77.6,0.0,2.4,208,Poor,1024.9,16.6
2024-08-03,"Delhi, Delhi",26.2,12.9,19.5,41.1,0.0,6.6,307,Very Poor,994.9,16.7
2024-08-04,"Delhi, Delhi",39.0,24.9,31.9,35.7,0.0,10.2,187,Moderate,991.6,6.5
2024-08-05,"Delhi, Delhi",40.6,31.6,36.1,85.0,0.0,8.6,201,Poor,1007.3,47.7
2024-08-06,"Delhi, Delhi",25.2,18.0,21.6,51.6,0.0,4.2,332,Very Poor,1010.8,99.9
2024-08-07,"Delhi, Delhi",36.7,29.2,33.0,83.2,0.0,18.8,177,Moderate,1022.5,76.3
2024-08-08,"Delhi, Delhi",44.6,32.6,38.6,67.3,0.0,20.3,124,Moderate,1005.3,96.2
2024-08-09,"Delhi, Delhi",32.4,18.1,25.3,58.8,74.9,22.7,291,Poor,1001.1,96.4
2024-08-10,"Delhi, Delhi",34.6,26.5,30.5,39.0,71.6,3.3,333,Very Poor,1015.9,74.0
2024-08-11,"Delhi, Delhi",33.6,22.4,28.0,38.0,0.0,18.6,103,Moderate,1005.2,67.0
2024-08-12,"Delhi, Delhi",40.8,35.0,37.9,87.8,0.0,24.9,199,Moderate,1012.5,58.9
2024-08-13,"Delhi, Delhi",34.0,25.3,29.6,93.9,43.6,10.0,279,Poor,1017.5,26.2
2024-08-14,"Delhi, Delhi",35.1,23.0,29.0,80.3,0.0,22.1,122,Moderate,995.4,68.3
2024-08-15,"Delhi, Delhi",29.4,19.0,24.2,88.9,0.0,7.6,160,Moderate,998.9,14.0
2024-08-16,"Delhi, Delhi",34.0,27.3,30.7,36.1,4.8,12.8,321,Very Poor,995.0,53.2
2024-08-17,"Delhi, Delhi",33.1,24.8,29.0,81.0,4.2,24.4,264,Poor,1022.8,45.6
2024-08-18,"Delhi, Delhi",44.8,34.6,39.7,48.7,0.0,20.1,241,Poor,1005.2,24.1
2024-08-19,"Delhi, Delhi",27.4,20.3,23.9,86.2,0.0,14.3,239,Poor,1012.7,72.5
2024-08-20,"Delhi, Delhi",27.9,20.3,24.1,68.1,0.0,16.7,241,Poor,1007.1,5.4
2024-08-21,"Delhi, Delhi",26.1,13.9,20.0,36.5,21.2,17.7,130,Moderate,1012.9,57.8
2024-08-22,"Delhi, Delhi",27.9,19.5,23.7,89.1,9.1,21.6,214,Poor,1023.5,51.5
2024-08-23,"Delhi, Delhi",25.9,17.2,21.5,62.4,0.0,15.5,319,Very Poor,998.4,60.8
2024-08-24,"Delhi, Delhi",25.4,13.9,19.7,71.1,42.4,6.7,291,Poor,1006.1,48.8
2024-08-25,"Delhi, Delhi",33.9,18.9,26.4,61.8,58.6,20.0,70,Satisfactory,997.8,33.8
2024-08-26,"Delhi, Delhi",32.8,22.6,27.7,62.9,23.2,9.9,289,Poor,1000.5,70.1
2024-08-27,"Delhi, Delhi",44.4,30.6,37.5,37.7,0.0,14.5,260,Poor,1009.4,26.6
2024-08-28,"Delhi, Delhi",34.1,20.9,27.5,31.1,0.0,6.2,99,Satisfactory,1017.0,29.2
2024-08-29,"Delhi, Delhi",40.0,32.5,36.2,60.2,0.0,6.8,228,Poor,1009.6,95.2
2024-08-30,"Delhi, Delhi",36.1,22.3,29.2,77.1,0.0,15.9,328,Very Poor,995.9,86.5
2024-08-31,"Delhi, Delhi",38.4,28.5,33.5,58.4,0.0,16.9,244,Poor,994.1,13.8
2024-09-01,"Delhi, Delhi",40.2,32.2,36.2,82.4,0.0,13.7,122,Moderate,1009.7,94.6
2024-09-02,"Delhi, Delhi",32.3,20.8,26.6,49.9,0.0,13.1,331,Very Poor,1023.5,84.8
2024-09-03,"Delhi, Delhi",38.0,30.2,34.1,64.5,0.0,6.1,172,Moderate,991.2,37.1
2024-09-04,"Delhi, Delhi",34.0,27.8,30.9,66.3,0.0,10.8,43,Good,1018.3,56.6
2024-09-05,"Delhi, Delhi",26.1,15.2,20.7,54.2,71.9,15.8,166,Moderate,999.6,50.2
2024-09-06,"Delhi, Delhi",37.5,31.3,34.4,38.3,0.0,16.2,183,Moderate,1020.8,75.3
2024-09-07,"Delhi, Delhi",43.1,32.9,38.0,73.6,0.0,22.4,291,Poor,1008.5,88.4
2024-09-08,"Delhi, Delhi",37.6,27.9,32.7,52.6,6.3,2.1,156,Moderate,1000.7,52.9
2024-09-09,"Delhi, Delhi",32.6,27.5,30.1,46.4,0.0,16.9,191,Moderate,1016.5,35.5
2024-09-10,"Delhi, Delhi",41.4,35.0,38.2,75.9,0.0,4.9,199,Moderate,999.1,14.8
2024-09-11,"Delhi, Delhi",25.7,16.5,21.1,83.1,0.0,11.6,319,Very Poor,1022.5,58.8
2024-09-12,"Delhi, Delhi",33.7,25.3,29.5,69.5,0.0,24.0,288,Poor,1010.6,42.1
2024-09-13,"Delhi, Delhi",30.2,22.1,26.1,61.1,0.0,4.5,266,Poor,994.4,49.0
2024-09-14,"Delhi, Delhi",32.0,26.1,29.1,40.4,36.1,6.7,284,Poor,1004.6,34.6
2024-09-15,"Delhi, Delhi",38.7,24.9,31.8,51.9,0.0,18.3,210,Poor,995.2,76.8
2024-09-16,"Delhi, Delhi",37.7,31.1,34.4,42.4,79.4,15.6,209,Poor,1008.8,99.8
2024-09-17,"Delhi, Delhi",33.2,19.8,26.5,39.4,0.0,13.8,88,Satisfactory,1021.9,53.7
2024-09-18,"Delhi, Delhi",41.5,27.3,34.4,56.8,0.0,4.9,128,Moderate,1005.7,25.1
2024-09-19,"Delhi, Delhi",40.7,31.3,36.0,51.0,0.0,10.2,257,Poor,1001.8,52.4
2024-09-20,"Delhi, Delhi",27.4,16.3,21.9,94.0,69.4,15.5,301,Very Poor,1000.8,69.0
2024-09-21,"Delhi, Delhi",36.6,31.3,33.9,95.0,0.0,4.2,288,Poor,1017.8,45.5
2024-09-22,"Delhi, Delhi",25.5,14.6,20.1,48.4,6.7,16.8,127,Moderate,1024.0,91.6
2024-09-23,"Delhi, Delhi",39.5,34.1,36.8,64.5,0.0,18.4,218,Poor,991.9,77.2
2024-09-24,"Delhi, Delhi",37.3,23.0,30.1,63.7,4.8,5.2,244,Poor,1007.2,45.0
2024-09-25,"Delhi, Delhi",36.6,29.6,33.1,81.9,0.0,17.1,263,Poor,992.8,28.9
2024-09-26,"Delhi, Delhi",41.6,27.9,34.7,67.0,6.5,14.7,275,Poor,993.9,81.9
2024-09-27,"Delhi, Delhi",28.7,20.6,24.7,61.6,0.0,18.2,307,Very Poor,1023.6,19.5
2024-09-28,"Delhi, Delhi",43.8,29.0,36.4,94.7,0.0,21.8,297,Poor,1021.8,90.9
2024-09-29,"Delhi, Delhi",26.4,21.2,23.8,60.2,7.9,17.1,339,Very Poor,1001.6,54.0
2024-09-30,"Delhi, Delhi",38.9,33.7,36.3,38.6,0.0,23.2,285,Poor,1013.2,34.6
2024-10-01,"Delhi, Delhi",36.5,31.0,33.7,69.6,0.0,20.0,339,Very Poor,1008.2,40.2
2024-10-02,"Delhi, Delhi",32.6,24.0,28.3,52.0,0.0,8.1,167,Moderate,1021.3,14.1
2024-10-03,"Delhi, Delhi",39.3,25.9,32.6,59.4,0.0,6.3,127,Moderate,1002.6,8.4
2024-10-04,"Delhi, Delhi",37.9,26.6,32.3,39.4,0.0,21.6,75,Satisfactory,991.0,14.8
2024-10-05,"Delhi, Delhi",34.5,21.8,28.1,86.0,8.2,8.6,241,Poor,991.9,69.2
2024-10-06,"Delhi, Delhi",40.9,32.1,36.5,67.4,6.3,15.1,81,Satisfactory,1013.4,75.9
2024-10-07,"Delhi, Delhi",32.3,20.6,26.5,75.3,0.0,12.5,144,Moderate,1016.2,92.1
2024-10-08,"Delhi, Delhi",42.0,33.7,37.8,74.3,0.0,8.2,246,Poor,1022.7,69.8
2024-10-09,"Delhi, Delhi",31.4,25.3,28.4,37.7,0.0,6.9,173,Moderate,1008.2,18.4
2024-10-10,"Delhi, Delhi",25.4,14.4,19.9,68.2,0.0,17.6,228,Poor,1008.1,28.6
2024-10-11,"Delhi, Delhi",41.7,35.6,38.6,93.3,0.0,8.8,219,Poor,995.3,32.7
2024-10-12,"Delhi, Delhi",34.9,26.0,30.5,91.8,0.0,7.5,199,Moderate,1007.5,32.7
2024-10-13,"Delhi, Delhi",35.9,22.8,29.3,47.9,0.0,5.7,287,Poor,1019.3,44.6
2024-10-14,"Delhi, Delhi",41.3,34.1,37.7,77.4,0.0,18.2,69,Satisfactory,1024.0,9.1
2024-10-15,"Delhi, Delhi",39.4,32.9,36.1,31.5,8.3,8.4,179,Moderate,1012.4,35.0
2024-10-16,"Delhi, Delhi",32.8,27.5,30.2,53.3,0.0,8.3,230,Poor,999.6,10.9
2024-10-17,"Delhi, Delhi",44.5,31.3,37.9,34.8,0.0,15.3,83,Satisfactory,1008.7,24.8
2024-10-18,"Delhi, Delhi",32.0,20.8,26.4,42.5,0.0,19.1,256,Poor,999.1,16.8
2024-10-19,"Delhi, Delhi",33.7,19.1,26.4,87.9,0.0,9.0,132,Moderate,1013.7,17.8
2024-10-20,"Delhi, Delhi",35.2,23.7,29.4,66.7,0.0,10.5,197,Moderate,1008.6,7.0
2024-10-21,"Delhi, Delhi",25.1,16.6,20.8,34.6,0.0,8.6,143,Moderate,1018.5,5.3
2024-10-22,"Delhi, Delhi",40.9,35.7,38.3,87.2,9.5,13.8,225,Poor,1000.0,86.0
2024-10-23,"Delhi, Delhi",35.4,25.3,30.4,71.0,0.0,8.2,207,Poor,1009.2,39.2
2024-10-24,"Delhi, Delhi",39.7,33.3,36.5,84.5,75.7,3.7,200,Moderate,994.8,62.1
2024-10-25,"Delhi, Delhi",33.3,26.1,29.7,85.9,7.5,6.2,113,Moderate,1003.4,40.8
2024-10-26,"Delhi, Delhi",30.7,23.8,27.2,73.4,0.0,19.7,125,Moderate,994.5,59.3
2024-10-27,"Delhi, Delhi",33.7,19.8,26.7,91.7,7.2,2.6,130,Moderate,993.6,67.8
2024-10-28,"Delhi, Delhi",25.9,19.0,22.4,74.1,0.0,6.5,93,Satisfactory,1003.8,14.6
2024-10-29,"Delhi, Delhi",41.5,33.6,37.6,56.3,0.0,4.3,116,Moderate,993.5,29.9
2024-10-30,"Delhi, Delhi",37.5,24.4,31.0,34.5,0.0,7.9,327,Very Poor,1000.7,49.4
2024-10-31,"Delhi, Delhi",30.8,23.7,27.3,79.7,0.0,16.8,263,Poor,1018.2,80.2
2024-11-01,"Delhi, Delhi",30.5,21.1,25.8,43.8,0.0,14.5,40,Good,1023.1,18.6
2024-11-02,"Delhi, Delhi",43.2,35.5,39.3,44.6,8.2,16.4,99,Satisfactory,1001.2,6.9
2024-11-03,"Delhi, Delhi",44.7,39.1,41.9,70.8,2.1,7.7,276,Poor,1003.8,95.3
2024-11-04,"Delhi, Delhi",39.3,25.3,32.3,39.5,0.0,18.6,110,Moderate,1015.4,69.9
2024-11-05,"Delhi, Delhi",28.0,16.4,22.2,69.7,0.0,18.2,347,Very Poor,1003.4,35.4
2024-11-06,"Delhi, Delhi",41.9,36.0,38.9,31.6,2.4,5.0,305,Very Poor,1005.3,24.4
2024-11-07,"Delhi, Delhi",29.4,15.8,22.6,68.5,7.3,9.1,125,Moderate,1018.2,53.4
2024-11-08,"Delhi, Delhi",34.9,27.8,31.4,73.7,0.0,11.4,145,Moderate,1001.2,29.5
2024-11-09,"Delhi, Delhi",41.8,27.8,34.8,60.5,2.5,16.7,60,Satisfactory,1016.1,12.2
2024-11-10,"Delhi, Delhi",41.8,34.5,38.2,55.6,0.0,12.3,66,Satisfactory,1018.6,9.6
2024-11-11,"Delhi, Delhi",36.3,26.0,31.2,56.1,0.0,20.7,219,Poor,994.0,49.1
2024-11-12,"Delhi, Delhi",38.3,29.7,34.0,31.3,0.0,12.8,126,Moderate,997.2,48.0
2024-11-13,"Delhi, Delhi",31.6,17.7,24.7,31.2,0.0,11.7,75,Satisfactory,1000.7,13.9
2024-11-14,"Delhi, Delhi",31.0,18.5,24.7,36.6,0.0,16.4,98,Satisfactory,1024.0,54.7
2024-11-15,"Delhi, Delhi",42.8,29.4,36.1,56.2,0.0,5.3,336,Very Poor,1003.8,14.4
2024-11-16,"Delhi, Delhi",26.1,18.7,22.4,33.2,0.0,21.6,40,Good,1005.8,99.8
2024-11-17,"Delhi, Delhi",26.0,14.7,20.4,72.4,1.8,7.3,148,Moderate,1007.0,48.5
2024-11-18,"Delhi, Delhi",30.2,17.6,23.9,63.1,50.9,4.1,106,Moderate,1014.3,93.0
2024-11-19,"Delhi, Delhi",32.2,18.6,25.4,85.8,0.0,5.1,119,Moderate,1005.9,52.1
2024-11-20,"Delhi, Delhi",44.5,34.1,39.3,57.1,0.0,15.3,166,Moderate,1017.7,55.7
2024-11-21,"Delhi, Delhi",33.1,27.9,30.5,73.1,3.7,17.0,169,Moderate,1017.8,65.0
2024-11-22,"Delhi, Delhi",31.6,19.8,25.7,41.2,1.3,17.4,322,Very Poor,995.5,27.9
2024-11-23,"Delhi, Delhi",43.6,37.3,40.4,46.5,0.0,3.8,227,Poor,1012.0,14.4
2024-11-24,"Delhi, Delhi",26.3,15.7,21.0,69.7,0.0,5.1,248,Poor,995.5,97.1
2024-11-25,"Delhi, Delhi",35.2,23.1,29.2,60.0,0.0,3.5,68,Satisfactory,1014.9,39.9
2024-11-26,"Delhi, Delhi",37.6,23.4,30.5,59.4,0.0,16.1,177,Moderate,999.1,40.9
2024-11-27,"Delhi, Delhi",35.8,29.1,32.4,59.4,0.0,4.7,277,Poor,1010.9,13.5
2024-11-28,"Delhi, Delhi",26.8,16.3,21.6,74.5,65.5,10.3,248,Poor,991.5,39.4
2024-11-29,"Delhi, Delhi",44.5,38.8,41.6,77.1,0.0,9.2,348,Very Poor,993.3,60.6
2024-11-30,"Delhi, Delhi",42.6,31.0,36.8,44.4,0.0,13.6,202,Poor,1024.8,46.4
2024-12-01,"Delhi, Delhi",31.3,25.4,28.4,58.1,6.1,22.5,316,Very Poor,1001.8,26.1
2024-12-02,"Delhi, Delhi",37.9,28.5,33.2,59.5,0.0,14.3,119,Moderate,997.6,53.8
2024-12-03,"Delhi, Delhi",42.5,30.1,36.3,42.0,0.0,20.0,189,Moderate,997.9,17.2
2024-12-04,"Delhi, Delhi",41.4,29.1,35.3,65.1,0.0,3.6,207,Poor,1009.8,38.7
2024-12-05,"Delhi, Delhi",43.9,35.3,39.6,32.6,9.1,22.1,142,Moderate,1000.9,83.9
2024-12-06,"Delhi, Delhi",26.9,16.1,21.5,89.1,0.0,21.8,278,Poor,1019.5,88.2
2024-12-07,"Delhi, Delhi",36.0,22.8,29.4,83.0,0.0,23.8,318,Very Poor,1000.4,24.6
2024-12-08,"Delhi, Delhi",32.3,26.9,29.6,88.5,9.5,7.5,213,Poor,992.6,81.2
2024-12-09,"Delhi, Delhi",26.7,15.7,21.2,31.8,0.0,6.0,184,Moderate,993.5,34.8
2024-12-10,"Delhi, Delhi",37.5,26.8,32.2,40.0,0.0,11.7,160,Moderate,1001.3,58.0
2024-12-11,"Delhi, Delhi",29.3,18.6,23.9,74.8,69.4,15.1,47,Good,1006.0,85.1
2024-12-12,"Delhi, Delhi",38.4,30.3,34.4,74.7,0.0,12.8,335,Very Poor,1005.1,82.1
2024-12-13,"Delhi, Delhi",39.7,27.3,33.5,84.7,0.0,12.8,206,Poor,1014.3,41.3
2024-12-14,"Delhi, Delhi",34.0,25.3,29.7,49.2,0.0,21.1,122,Moderate,1007.1,87.9
2024-12-15,"Delhi, Delhi",37.5,27.8,32.6,70.9,0.0,21.3,345,Very Poor,1009.3,51.5
2024-12-16,"Delhi, Delhi",36.8,29.8,33.3,90.3,4.4,7.0,248,Poor,995.0,58.5
2024-12-17,"Delhi, Delhi",30.1,23.7,26.9,60.1,0.0,16.1,55,Satisfactory,998.1,50.5
2024-12-18,"Delhi, Delhi",27.6,13.8,20.7,35.4,29.4,11.6,237,Poor,1007.6,78.1
2024-12-19,"Delhi, Delhi",28.6,23.3,25.9,51.8,0.0,18.9,49,Good,990.6,6.4
2024-12-20,"Delhi, Delhi",28.5,19.3,23.9,59.4,6.1,4.3,104,Moderate,1009.6,64.2
2024-12-21,"Delhi, Delhi",25.9,14.3,20.1,68.2,6.7,14.6,285,Poor,1022.2,51.1
2024-12-22,"Delhi, Delhi",30.7,24.1,27.4,47.7,74.9,9.1,40,Good,998.6,91.0
2024-12-23,"Delhi, Delhi",27.6,21.3,24.5,82.4,0.0,19.2,207,Poor,999.6,98.2
2024-12-24,"Delhi, Delhi",29.3,23.1,26.2,65.5,8.6,8.1,304,Very Poor,1021.0,40.8
2024-12-25,"Delhi, Delhi",30.0,23.1,26.6,70.7,0.0,4.7,71,Satisfactory,995.3,59.0
2024-12-26,"Delhi, Delhi",34.1,22.6,28.3,53.9,0.0,24.2,72,Satisfactory,1011.8,88.4
2024-12-27,"Delhi, Delhi",33.3,19.2,26.2,71.9,5.7,17.8,333,Very Poor,1012.4,30.5
2024-12-28,"Delhi, Delhi",32.7,24.1,28.4,40.4,37.0,22.7,226,Poor,996.8,53.0
2024-12-29,"Delhi, Delhi",38.0,25.5,31.8,74.0,0.0,9.9,190,Moderate,998.1,18.5
2024-12-30,"Delhi, Delhi",34.6,27.7,31.1,47.6,0.0,5.0,176,Moderate,1022.0,7.8
2024-12-31,"Delhi, Delhi",29.3,20.6,24.9,51.4,0.0,23.6,76,Satisfactory,1003.7,24.4
2025-01-01,"Delhi, Delhi",27.2,21.2,24.2,76.6,0.0,24.7,121,Moderate,1021.1,69.4
2025-01-02,"Delhi, Delhi",40.2,27.8,34.0,57.0,0.0,22.0,148,Moderate,1023.9,65.6
2025-01-03,"Delhi, Delhi",38.7,31.8,35.3,79.2,0.0,11.2,241,Poor,998.8,5.1
2025-01-04,"Delhi, Delhi",35.9,21.6,28.7,70.2,0.0,8.3,340,Very Poor,1003.7,6.1
2025-01-05,"Delhi, Delhi",40.9,32.5,36.7,45.0,0.0,16.0,178,Moderate,1020.9,61.6
2025-01-06,"Delhi, Delhi",42.2,36.5,39.4,46.9,0.0,21.7,140,Moderate,994.1,14.3
2025-01-07,"Delhi, Delhi",44.2,30.1,37.1,45.4,8.1,5.8,206,Poor,1008.8,17.0
2025-01-08,"Delhi, Delhi",43.2,31.9,37.5,50.4,0.0,19.2,275,Poor,994.6,21.9
2025-01-09,"Delhi, Delhi",34.3,25.4,29.8,93.2,0.0,22.9,153,Moderate,1017.8,53.6
2025-01-10,"Delhi, Delhi",37.8,24.6,31.2,92.5,0.0,5.0,250,Poor,1012.0,53.4
2025-01-11,"Delhi, Delhi",35.4,26.4,30.9,88.9,1.0,16.0,259,Poor,999.2,58.5
2025-01-12,"Delhi, Delhi",41.9,33.8,37.9,64.0,0.0,13.1,189,Moderate,997.4,7.2
2025-01-13,"Delhi, Delhi",40.5,28.3,34.4,92.3,0.0,18.0,171,Moderate,990.5,17.0
2025-01-14,"Delhi, Delhi",33.2,27.7,30.5,68.0,0.0,11.2,207,Poor,1015.8,7.4
2025-01-15,"Delhi, Delhi",33.7,24.9,29.3,69.8,0.7,11.1,237,Poor,996.1,7.7
2025-01-16,"Delhi, Delhi",30.8,21.3,26.1,47.2,0.0,20.1,293,Poor,1011.9,37.1
2025-01-17,"Delhi, Delhi",42.1,31.4,36.7,73.1,0.0,20.6,228,Poor,1000.1,85.6
2025-01-18,"Delhi, Delhi",29.5,23.2,26.3,86.4,0.0,11.7,199,Moderate,1008.6,6.9
2025-01-19,"Delhi, Delhi",33.8,28.7,31.3,61.0,6.5,17.0,338,Very Poor,995.5,46.0
2025-01-20,"Delhi, Delhi",38.1,30.0,34.0,52.5,0.0,9.1,93,Satisfactory,992.7,57.8
2025-01-21,"Delhi, Delhi",28.5,22.8,25.7,66.4,0.0,8.0,188,Moderate,992.1,89.1
2025-01-22,"Delhi, Delhi",31.0,24.4,27.7,90.3,4.0,13.8,235,Poor,994.2,46.6
2025-01-23,"Delhi, Delhi",35.7,25.2,30.5,72.4,28.0,17.1,237,Poor,1020.0,31.2
2025-01-24,"Delhi, Delhi",38.9,29.6,34.2,56.4,7.6,13.3,93,Satisfactory,1003.2,37.4
2025-01-25,"Delhi, Delhi",33.5,23.1,28.3,44.7,0.0,16.1,264,Poor,1022.6,75.2
2025-01-26,"Delhi, Delhi",38.2,25.9,32.0,81.1,0.0,5.2,90,Satisfactory,997.1,79.2
2025-01-27,"Delhi, Delhi",38.8,30.3,34.6,72.1,0.0,20.3,102,Moderate,997.4,58.5
2025-01-28,"Delhi, Delhi",31.9,22.9,27.4,41.9,9.8,2.3,158,Moderate,1004.2,34.4
2025-01-29,"Delhi, Delhi",25.5,11.8,18.6,69.7,0.0,7.7,150,Moderate,990.2,7.5
2025-01-30,"Delhi, Delhi",25.6,19.1,22.3,73.4,0.0,10.4,325,Very Poor,1021.1,93.9
2025-01-31,"Delhi, Delhi",35.8,23.5,29.7,59.7,2.0,7.6,113,Moderate,1019.2,63.3
2025-02-01,"Delhi, Delhi",44.0,35.7,39.9,69.8,0.0,24.8,286,Poor,996.6,54.7
2025-02-02,"Delhi, Delhi",44.2,29.5,36.8,78.3,70.6,22.9,68,Satisfactory,1012.4,24.2
2025-02-03,"Delhi, Delhi",40.5,33.4,37.0,72.7,0.0,22.9,284,Poor,1011.2,39.4
2025-02-04,"Delhi, Delhi",43.1,32.6,37.9,81.2,0.0,12.0,292,Poor,1002.4,5.8
2025-02-05,"Delhi, Delhi",32.2,26.0,29.1,44.5,6.7,23.2,337,Very Poor,1023.7,5.9
2025-02-06,"Delhi, Delhi",41.2,29.9,35.6,92.3,0.0,14.5,233,Poor,999.4,52.3
2025-02-07,"Delhi, Delhi",38.2,23.8,31.0,65.2,0.0,15.9,172,Moderate,1005.4,89.0
2025-02-08,"Delhi, Delhi",37.3,28.9,33.1,93.1,9.0,22.9,189,Moderate,998.5,60.1
2025-02-09,"Delhi, Delhi",40.7,31.1,35.9,54.5,4.5,23.3,266,Poor,1007.2,84.1
2025-02-10,"Delhi, Delhi",28.0,22.6,25.3,58.1,0.0,14.4,59,Satisfactory,1015.3,50.5
2025-02-11,"Delhi, Delhi",31.3,23.1,27.2,36.8,0.0,7.2,159,Moderate,998.8,52.9
2025-02-12,"Delhi, Delhi",28.8,16.3,22.6,51.0,0.0,4.1,178,Moderate,1017.5,49.7
2025-02-13,"Delhi, Delhi",38.5,24.1,31.3,58.9,2.8,21.4,203,Poor,996.4,88.5
2025-02-14,"Delhi, Delhi",37.9,27.5,32.7,61.1,0.0,19.6,69,Satisfactory,997.5,55.6
2025-02-15,"Delhi, Delhi",26.7,19.1,22.9,58.5,0.0,6.6,303,Very Poor,1010.1,43.7
2025-02-16,"Delhi, Delhi",44.6,36.8,40.7,91.7,0.0,2.1,345,Very Poor,999.1,13.3
2025-02-17,"Delhi, Delhi",27.1,21.6,24.4,54.5,3.7,24.3,195,Moderate,1020.0,52.2
2025-02-18,"Delhi, Delhi",26.8,20.1,23.5,85.2,0.0,10.8,56,Satisfactory,990.4,7.5
2025-02-19,"Delhi, Delhi",35.8,30.6,33.2,73.6,6.2,14.0,224,Poor,997.2,58.1
2025-02-20,"Delhi, Delhi",29.4,23.2,26.3,65.3,0.0,18.3,167,Moderate,1020.5,59.9
2025-02-21,"Delhi, Delhi",37.1,22.7,29.9,41.0,0.0,6.6,169,Moderate,1019.3,29.2
2025-02-22,"Delhi, Delhi",40.9,31.1,36.0,52.1,16.4,24.0,246,Poor,1006.7,26.0
2025-02-23,"Delhi, Delhi",43.4,38.3,40.9,37.9,7.4,21.1,85,Satisfactory,998.9,23.2
2025-02-24,"Delhi, Delhi",34.5,21.2,27.9,51.4,0.0,14.7,67,Satisfactory,1007.6,10.4
2025-02-25,"Delhi, Delhi",31.9,19.7,25.8,69.6,0.0,17.5,64,Satisfactory,994.3,99.8
2025-02-26,"Delhi, Delhi",36.0,27.6,31.8,75.3,0.0,13.0,334,Very Poor,1017.0,56.5
2025-02-27,"Delhi, Delhi",34.9,28.8,31.8,73.6,7.4,6.0,160,Moderate,1002.9,20.4
2025-02-28,"Delhi, Delhi",38.5,24.7,31.6,38.2,0.0,8.6,159,Moderate,1013.7,28.4
2025-03-01,"Delhi, Delhi",31.3,25.1,28.2,61.8,79.7,24.7,124,Moderate,990.5,74.3
2025-03-02,"Delhi, Delhi",36.2,22.9,29.5,84.5,0.0,2.2,209,Poor,1000.2,36.2
2025-03-03,"Delhi, Delhi",38.4,23.9,31.2,82.3,1.8,12.8,72,Satisfactory,1009.2,62.9
2025-03-04,"Delhi, Delhi",33.2,22.5,27.8,43.2,0.0,22.9,191,Moderate,1011.5,19.6
2025-03-05,"Delhi, Delhi",41.7,33.2,37.4,84.0,5.4,17.6,41,Good,992.9,34.9
2025-03-06,"Delhi, Delhi",35.6,24.8,30.2,68.0,56.8,23.8,43,Good,1004.8,8.4
2025-03-07,"Delhi, Delhi",44.8,31.3,38.1,66.0,0.0,23.9,277,Poor,1008.6,95.4
2025-03-08,"Delhi, Delhi",44.4,35.3,39.8,34.6,36.4,4.1,275,Poor,994.2,71.4
2025-03-09,"Delhi, Delhi",38.7,32.3,35.5,36.7,4.7,21.3,214,Poor,994.1,82.2
2025-03-10,"Delhi, Delhi",26.1,11.5,18.8,84.4,0.0,15.2,123,Moderate,1019.6,93.8
2025-03-11,"Delhi, Delhi",34.5,27.9,31.2,94.7,0.0,22.1,157,Moderate,1005.1,46.5
2025-03-12,"Delhi, Delhi",29.7,23.1,26.4,79.5,0.0,14.7,182,Moderate,1002.1,7.7
2025-03-13,"Delhi, Delhi",38.4,25.9,32.1,47.1,0.0,4.0,70,Satisfactory,1015.9,25.9
2025-03-14,"Delhi, Delhi",28.4,18.9,23.6,52.3,65.6,14.2,163,Moderate,1010.1,94.9
2025-03-15,"Delhi, Delhi",31.3,19.2,25.3,53.7,0.0,20.6,299,Poor,1006.4,16.0
2025-03-16,"Delhi, Delhi",32.7,25.5,29.1,48.9,0.0,2.4,47,Good,1015.1,43.0
2025-03-17,"Delhi, Delhi",42.3,32.2,37.3,63.5,0.0,11.8,149,Moderate,1006.8,75.2
2025-03-18,"Delhi, Delhi",44.5,37.0,40.7,36.7,5.9,14.1,79,Satisfactory,1007.9,66.4
2025-03-19,"Delhi, Delhi",34.1,23.9,29.0,61.6,0.0,6.1,333,Very Poor,1017.7,31.2
2025-03-20,"Delhi, Delhi",29.4,23.2,26.3,91.2,0.0,20.6,343,Very Poor,1011.3,74.5
2025-03-21,"Delhi, Delhi",41.6,29.2,35.4,48.0,0.0,3.8,92,Satisfactory,1013.0,68.8
2025-03-22,"Delhi, Delhi",38.3,25.4,31.8,36.8,0.0,23.0,254,Poor,997.8,67.9
2025-03-23,"Delhi, Delhi",28.7,21.1,24.9,32.3,51.5,12.3,150,Moderate,1011.9,81.9
2025-03-24,"Delhi, Delhi",39.1,31.1,35.1,42.4,6.3,4.6,120,Moderate,994.8,39.5
2025-03-25,"Delhi, Delhi",40.0,32.0,36.0,75.9,0.0,5.6,84,Satisfactory,1013.8,91.9
2025-03-26,"Delhi, Delhi",40.5,27.9,34.2,92.6,0.0,9.1,292,Poor,1000.8,21.7
2025-03-27,"Delhi, Delhi",34.7,28.2,31.4,39.0,74.5,17.7,244,Poor,1017.0,84.4
2025-03-28,"Delhi, Delhi",26.9,16.6,21.8,62.9,33.2,8.2,122,Moderate,1012.7,52.1
2025-03-29,"Delhi, Delhi",33.9,27.6,30.8,35.7,5.9,19.8,273,Poor,1015.4,90.2
2025-03-30,"Delhi, Delhi",43.0,33.7,38.3,89.5,0.0,8.2,197,Moderate,1009.6,44.7
2025-03-31,"Delhi, Delhi",40.8,30.0,35.4,87.5,2.2,21.1,249,Poor,1008.9,6.0
2025-04-01,"Delhi, Delhi",26.0,14.4,20.2,90.1,6.2,7.1,117,Moderate,1010.3,34.4
2025-04-02,"Delhi, Delhi",37.8,23.3,30.5,56.1,14.8,19.6,146,Moderate,1022.2,71.4
2025-04-03,"Delhi, Delhi",40.7,34.3,37.5,65.0,72.5,10.6,303,Very Poor,1022.9,81.5
2025-04-04,"Delhi, Delhi",34.6,29.5,32.0,87.3,0.0,10.7,55,Satisfactory,1018.0,42.0
2025-04-05,"Delhi, Delhi",43.0,30.6,36.8,33.4,0.0,18.7,255,Poor,1004.2,96.9
2025-04-06,"Delhi, Delhi",26.9,19.1,23.0,52.6,0.0,20.0,128,Moderate,1020.4,51.8
2025-04-07,"Delhi, Delhi",44.7,39.3,42.0,48.4,0.0,10.1,195,Moderate,999.4,81.3
2025-04-08,"Delhi, Delhi",44.1,36.0,40.1,46.8,0.0,20.5,202,Poor,996.9,5.5
2025-04-09,"Delhi, Delhi",30.5,18.0,24.3,75.5,1.0,16.2,338,Very Poor,1006.7,21.9
2025-04-10,"Delhi, Delhi",30.6,20.7,25.7,41.1,0.0,20.9,108,Moderate,1024.9,78.6
2025-04-11,"Delhi, Delhi",38.9,26.2,32.6,48.7,0.0,10.7,92,Satisfactory,1001.6,5.9
2025-04-12,"Delhi, Delhi",42.5,32.8,37.6,93.9,0.0,12.9,218,Poor,1024.8,19.2
2025-04-13,"Delhi, Delhi",38.6,33.4,36.0,31.4,0.0,14.7,242,Poor,1008.1,38.2
2025-04-14,"Delhi, Delhi",31.3,23.4,27.4,80.7,5.0,6.9,118,Moderate,1017.5,53.1
2025-04-15,"Delhi, Delhi",31.6,26.5,29.1,32.6,15.9,12.2,327,Very Poor,1016.5,16.9
2025-04-16,"Delhi, Delhi",25.6,15.9,20.7,51.5,8.0,8.7,61,Satisfactory,1006.2,71.7
2025-04-17,"Delhi, Delhi",37.3,26.4,31.9,56.5,6.4,4.4,204,Poor,1020.2,53.0
2025-04-18,"Delhi, Delhi",25.6,15.7,20.6,76.7,0.0,16.8,255,Poor,1023.5,64.3
2025-04-19,"Delhi, Delhi",31.0,20.9,25.9,83.5,0.0,21.3,245,Poor,1017.2,43.0
2025-04-20,"Delhi, Delhi",30.3,16.3,23.3,66.9,38.6,23.1,240,Poor,1005.3,27.9
2025-04-21,"Delhi, Delhi",30.1,15.5,22.8,91.8,0.0,21.6,300,Poor,1021.0,54.2
2025-04-22,"Delhi, Delhi",44.0,36.9,40.4,58.0,0.0,23.9,335,Very Poor,1013.4,34.9
2025-04-23,"Delhi, Delhi",33.3,24.9,29.1,34.8,0.0,9.7,329,Very Poor,1003.7,33.2
2025-04-24,"Delhi, Delhi",34.6,22.4,28.5,48.0,0.0,18.0,125,Moderate,1023.6,67.6
2025-04-25,"Delhi, Delhi",38.1,24.0,31.1,60.0,0.0,10.3,95,Satisfactory,999.0,26.3
2025-04-26,"Delhi, Delhi",42.7,37.4,40.1,81.6,0.0,6.5,62,Satisfactory,991.7,75.8
2025-04-27,"Delhi, Delhi",39.9,32.3,36.1,76.8,0.0,8.4,254,Poor,1018.4,82.3
2025-04-28,"Delhi, Delhi",44.3,37.5,40.9,34.5,0.0,21.2,334,Very Poor,1007.3,28.4
2025-04-29,"Delhi, Delhi",44.5,32.1,38.3,77.3,0.0,2.4,163,Moderate,1014.9,27.4
2025-04-30,"Delhi, Delhi",32.9,25.8,29.3,51.9,0.0,19.4,307,Very Poor,1010.5,68.2
2025-05-01,"Delhi, Delhi",36.1,25.0,30.5,94.1,0.0,20.6,330,Very Poor,1016.6,97.0
2025-05-02,"Delhi, Delhi",36.1,26.9,31.5,67.1,29.6,23.5,50,Good,993.7,71.8
2025-05-03,"Delhi, Delhi",33.4,21.8,27.6,94.4,16.8,5.1,119,Moderate,999.0,88.0
2025-05-04,"Delhi, Delhi",33.2,27.4,30.3,74.3,6.2,8.6,92,Satisfactory,1013.7,75.6
2025-05-05,"Delhi, Delhi",40.8,30.1,35.4,82.6,0.0,19.8,336,Very Poor,1021.2,58.5
2025-05-06,"Delhi, Delhi",35.3,26.2,30.8,84.0,7.6,22.3,67,Satisfactory,993.1,69.6
2025-05-07,"Delhi, Delhi",30.9,18.3,24.6,63.2,0.0,13.5,189,Moderate,1022.6,59.1
2025-05-08,"Delhi, Delhi",35.6,23.7,29.7,60.2,0.8,16.3,345,Very Poor,1012.5,42.9
2025-05-09,"Delhi, Delhi",25.9,16.3,21.1,64.0,42.4,2.9,52,Satisfactory,1011.5,87.3
2025-05-10,"Delhi, Delhi",35.6,29.3,32.5,61.0,0.0,23.7,227,Poor,1017.3,39.6
2025-05-11,"Delhi, Delhi",28.6,14.0,21.3,89.8,72.9,16.6,77,Satisfactory,1008.5,25.7
2025-05-12,"Delhi, Delhi",30.7,21.7,26.2,34.9,0.0,14.9,305,Very Poor,993.5,44.4
2025-05-13,"Delhi, Delhi",43.4,32.4,37.9,33.8,4.6,6.4,96,Satisfactory,1006.9,24.5
2025-05-14,"Delhi, Delhi",35.3,27.0,31.2,75.1,0.0,18.6,273,Poor,1019.3,29.1
2025-05-15,"Delhi, Delhi",44.6,35.3,39.9,74.1,6.3,9.4,138,Moderate,1018.0,62.7
2025-05-16,"Delhi, Delhi",27.1,20.5,23.8,63.1,0.0,14.9,106,Moderate,1020.9,20.3
2025-05-17,"Delhi, Delhi",43.0,37.1,40.0,43.9,0.0,4.5,310,Very Poor,1020.0,21.9
2025-05-18,"Delhi, Delhi",28.9,21.6,25.3,82.4,17.8,6.1,69,Satisfactory,995.3,39.0
2025-05-19,"Delhi, Delhi",34.9,25.0,30.0,50.9,0.0,11.7,123,Moderate,1011.4,33.5
2025-05-20,"Delhi, Delhi",37.2,26.4,31.8,75.9,0.0,22.5,303,Very Poor,1010.7,36.2
2025-05-21,"Delhi, Delhi",38.0,29.3,33.7,69.2,31.1,6.9,208,Poor,1022.2,7.7
2025-05-22,"Delhi, Delhi",27.5,19.2,23.4,31.3,3.0,15.5,219,Poor,991.4,29.6
2025-05-23,"Delhi, Delhi",26.9,13.5,20.2,59.2,0.0,12.3,148,Moderate,1011.4,77.8
2025-05-24,"Delhi, Delhi",32.6,21.8,27.2,70.4,45.5,24.0,151,Moderate,1014.8,20.3
2025-05-25,"Delhi, Delhi",43.5,31.1,37.3,33.5,8.7,11.8,206,Poor,1024.8,16.8
2025-05-26,"Delhi, Delhi",36.0,26.4,31.2,46.6,0.0,21.5,285,Poor,993.5,69.3
2025-05-27,"Delhi, Delhi",28.0,14.0,21.0,90.8,6.6,15.8,92,Satisfactory,1003.7,32.3
2025-05-28,"Delhi, Delhi",36.9,28.2,32.6,30.3,0.0,18.4,44,Good,1005.9,71.0
2025-05-29,"Delhi, Delhi",43.4,31.0,37.2,51.2,0.4,21.8,172,Moderate,1019.2,25.4
2025-05-30,"Delhi, Delhi",41.1,27.5,34.3,80.4,3.1,5.5,303,Very Poor,1010.8,73.4
2025-05-31,"Delhi, Delhi",41.0,31.5,36.3,64.1,0.0,3.6,175,Moderate,995.8,17.2
2025-06-01,"Delhi, Delhi",41.5,26.5,34.0,92.1,0.0,9.0,45,Good,1006.0,76.0
2025-06-02,"Delhi, Delhi",40.7,28.9,34.8,43.6,70.1,8.3,164,Moderate,994.7,14.9
2025-06-03,"Delhi, Delhi",40.8,34.5,37.6,85.7,4.9,12.6,316,Very Poor,1011.2,89.9
2025-06-04,"Delhi, Delhi",26.4,19.8,23.1,40.3,0.0,11.7,317,Very Poor,1009.7,5.5
2025-06-05,"Delhi, Delhi",40.4,35.3,37.9,78.7,0.0,14.7,62,Satisfactory,1001.8,28.3
2025-06-06,"Delhi, Delhi",30.9,22.8,26.9,56.1,2.9,11.1,272,Poor,1019.1,88.9
2025-06-07,"Delhi, Delhi",31.2,22.6,26.9,51.4,7.7,21.7,218,Poor,1007.2,15.1
2025-06-08,"Delhi, Delhi",36.9,23.8,30.3,36.2,0.0,18.8,90,Satisfactory,1001.6,74.4
2025-06-09,"Delhi, Delhi",33.7,22.3,28.0,64.3,0.0,9.9,54,Satisfactory,1000.9,86.6
2025-06-10,"Delhi, Delhi",35.9,29.6,32.7,46.1,0.0,22.2,154,Moderate,998.8,61.0
2025-06-11,"Delhi, Delhi",42.3,27.5,34.9,62.2,4.6,16.0,239,Poor,1002.0,37.6
2025-06-12,"Delhi, Delhi",37.6,26.3,32.0,34.4,72.9,20.0,96,Satisfactory,995.3,40.6
2025-06-13,"Delhi, Delhi",36.0,30.8,33.4,56.6,76.8,2.0,168,Moderate,997.7,24.7
2025-06-14,"Delhi, Delhi",43.2,34.6,38.9,49.4,0.0,4.1,163,Moderate,993.8,61.9
2025-06-15,"Delhi, Delhi",30.5,22.4,26.5,53.4,0.0,13.9,109,Moderate,1022.1,43.6
2025-06-16,"Delhi, Delhi",37.0,22.1,29.5,79.8,0.0,24.1,194,Moderate,990.7,27.6
2025-06-17,"Delhi, Delhi",34.0,24.4,29.2,47.3,0.0,2.8,328,Very Poor,995.9,86.1
2025-06-18,"Delhi, Delhi",27.7,22.0,24.9,80.8,42.6,15.6,247,Poor,1013.1,6.8
2025-06-19,"Delhi, Delhi",28.1,18.1,23.1,86.2,48.2,2.4,51,Satisfactory,990.4,89.8
2025-06-20,"Delhi, Delhi",32.0,25.8,28.9,40.1,24.5,17.0,72,Satisfactory,1008.1,5.9
2025-06-21,"Delhi, Delhi",30.9,18.3,24.6,52.0,70.1,3.5,248,Poor,996.2,21.1
2025-06-22,"Delhi, Delhi",34.6,20.0,27.3,32.3,0.5,6.3,257,Poor,1002.7,53.2
2025-06-23,"Delhi, Delhi",39.3,25.1,32.2,63.1,0.0,12.1,340,Very Poor,1008.8,50.7
2025-06-24,"Delhi, Delhi",38.6,24.4,31.5,67.9,28.5,22.9,339,Very Poor,994.0,91.3
2025-06-25,"Delhi, Delhi",37.3,27.9,32.6,78.5,9.6,9.2,179,Moderate,1019.6,46.5
2025-06-26,"Delhi, Delhi",43.0,31.0,37.0,56.3,0.0,17.1,155,Moderate,1014.2,47.5
2025-06-27,"Delhi, Delhi",28.3,22.0,25.1,35.7,0.0,11.7,189,Moderate,1014.8,33.9
2025-06-28,"Delhi, Delhi",41.2,32.4,36.8,90.2,0.0,17.8,342,Very Poor,996.8,5.9
2025-06-29,"Delhi, Delhi",29.7,17.5,23.6,69.1,0.0,22.4,54,Satisfactory,1006.8,91.8
2025-06-30,"Delhi, Delhi",43.0,33.6,38.3,42.9,0.0,10.4,236,Poor,1011.5,53.6
2025-07-01,"Delhi, Delhi",39.0,33.4,36.2,58.8,0.0,14.7,259,Poor,995.8,95.8
2025-07-02,"Delhi, Delhi",38.5,33.2,35.8,39.0,0.0,17.2,277,Poor,1010.7,12.8
2025-07-03,"Delhi, Delhi",29.6,21.3,25.4,88.4,0.0,13.1,129,Moderate,1007.5,49.8
2025-07-04,"Delhi, Delhi",38.8,28.6,33.7,90.2,8.9,22.5,248,Poor,1011.6,57.8
2025-07-05,"Delhi, Delhi",30.7,18.8,24.7,72.3,0.0,6.6,216,Poor,1016.2,39.5
2025-07-06,"Delhi, Delhi",40.3,31.7,36.0,69.3,0.0,10.4,74,Satisfactory,996.7,76.8
2025-07-07,"Delhi, Delhi",42.8,32.8,37.8,69.6,19.3,14.6,246,Poor,1004.9,11.5
2025-07-08,"Delhi, Delhi",28.5,23.1,25.8,34.5,0.0,11.0,316,Very Poor,1003.8,61.1
2025-07-09,"Delhi, Delhi",31.1,22.3,26.7,58.6,0.0,22.2,180,Moderate,1000.5,87.9
2025-07-10,"Delhi, Delhi",30.9,23.3,27.1,72.4,1.7,5.0,286,Poor,999.0,96.9
2025-07-11,"Delhi, Delhi",37.6,32.3,34.9,54.8,0.0,17.4,168,Moderate,1000.0,91.4
2025-07-12,"Delhi, Delhi",28.8,14.6,21.7,30.6,0.0,10.4,163,Moderate,993.6,49.5
2025-07-13,"Delhi, Delhi",43.8,36.0,39.9,47.7,8.6,5.4,348,Very Poor,1016.9,39.3
2025-07-14,"Delhi, Delhi",31.7,20.0,25.9,66.9,0.0,19.9,263,Poor,1007.6,50.7
2025-07-15,"Delhi, Delhi",42.8,34.6,38.7,51.3,79.0,21.9,236,Poor,993.2,85.0
2025-07-16,"Delhi, Delhi",25.2,11.3,18.2,47.5,5.3,7.8,258,Poor,1015.1,16.2
2025-07-17,"Delhi, Delhi",33.5,27.9,30.7,92.8,5.6,17.2,79,Satisfactory,1021.7,90.7
2025-07-18,"Delhi, Delhi",41.6,35.0,38.3,93.8,64.6,13.6,309,Very Poor,992.5,80.1
2025-07-19,"Delhi, Delhi",37.3,23.4,30.3,86.4,0.0,8.6,280,Poor,1012.1,53.5
2025-07-20,"Delhi, Delhi",26.9,19.0,23.0,68.4,0.0,17.0,255,Poor,994.1,5.9
2025-07-21,"Delhi, Delhi",39.0,25.0,32.0,31.7,5.6,10.9,166,Moderate,1018.7,56.3
2025-07-22,"Delhi, Delhi",30.2,20.5,25.4,91.5,8.2,5.9,213,Poor,1010.0,81.6
2025-07-23,"Delhi, Delhi",25.8,11.3,18.5,54.7,0.0,4.3,244,Poor,1018.3,98.5
2025-07-24,"Delhi, Delhi",27.2,16.0,21.6,30.1,60.5,13.3,131,Moderate,1019.4,81.2
2025-07-25,"Delhi, Delhi",28.5,14.5,21.5,55.1,0.0,18.3,168,Moderate,1017.7,98.3
2025-07-26,"Delhi, Delhi",39.5,28.0,33.8,85.5,0.0,13.0,61,Satisfactory,1008.4,7.6
2025-07-27,"Delhi, Delhi",29.9,16.0,23.0,73.3,0.0,7.5,120,Moderate,1009.9,80.1
2025-07-28,"Delhi, Delhi",37.6,31.8,34.7,73.2,0.0,17.8,69,Satisfactory,1016.0,72.0
2025-07-29,"Delhi, Delhi",36.4,23.3,29.8,31.5,0.0,23.2,338,Very Poor,1010.2,54.1
2025-07-30,"Delhi, Delhi",42.6,27.8,35.2,50.4,0.0,10.9,269,Poor,1000.2,92.4
2025-07-31,"Delhi, Delhi",32.4,25.9,29.1,68.6,0.0,17.2,325,Very Poor,991.1,84.6
2025-08-01,"Delhi, Delhi",44.3,30.6,37.5,86.9,0.0,13.8,179,Moderate,1019.5,92.7
2025-08-02,"Delhi, Delhi",26.3,14.6,20.5,69.3,0.0,12.6,279,Poor,1020.2,44.4
2025-08-03,"Delhi, Delhi",31.4,23.0,27.2,50.8,0.0,11.5,333,Very Poor,1015.8,5.3
2025-08-04,"Delhi, Delhi",32.8,27.1,30.0,70.3,0.0,7.7,73,Satisfactory,1017.6,50.5
2025-08-05,"Delhi, Delhi",38.2,32.5,35.3,54.7,0.0,14.7,308,Very Poor,994.6,91.9
2025-08-06,"Delhi, Delhi",33.0,24.8,28.9,72.6,0.0,17.2,135,Moderate,1014.3,78.6
2025-08-07,"Delhi, Delhi",42.3,33.0,37.7,68.7,5.3,15.7,267,Poor,1011.2,28.6
2025-08-08,"Delhi, Delhi",35.4,29.0,32.2,45.1,7.3,3.2,267,Poor,995.0,47.3
2025-08-09,"Delhi, Delhi",35.6,20.9,28.3,60.0,42.9,4.2,131,Moderate,997.8,73.0
2025-08-10,"Delhi, Delhi",29.8,20.0,24.9,54.5,0.0,21.0,259,Poor,1004.0,97.0
2025-08-11,"Delhi, Delhi",35.3,26.1,30.7,72.7,0.0,6.8,260,Poor,1017.1,78.4
2025-08-12,"Delhi, Delhi",35.6,25.8,30.7,93.3,0.0,20.0,156,Moderate,1008.4,38.9
2025-08-13,"Delhi, Delhi",44.3,37.9,41.1,65.3,8.1,22.7,151,Moderate,999.2,27.9
2025-08-14,"Delhi, Delhi",35.6,23.4,29.5,52.8,1.5,13.0,299,Poor,1008.9,35.7
2025-08-15,"Delhi, Delhi",36.0,22.5,29.3,89.9,0.0,10.2,89,Satisfactory,1012.8,72.6
2025-08-16,"Delhi, Delhi",39.3,26.1,32.7,55.8,9.9,10.1,99,Satisfactory,997.6,37.0
2025-08-17,"Delhi, Delhi",32.0,19.9,26.0,39.1,0.0,17.3,105,Moderate,1020.1,97.5
2025-08-18,"Delhi, Delhi",27.8,18.7,23.3,93.8,0.2,20.6,183,Moderate,1016.1,12.1
2025-08-19,"Delhi, Delhi",41.8,32.7,37.3,63.4,0.0,10.8,163,Moderate,1023.9,40.1
2025-08-20,"Delhi, Delhi",39.5,25.5,32.5,60.2,0.0,4.7,315,Very Poor,1014.2,91.2
2025-08-21,"Delhi, Delhi",25.6,17.0,21.3,39.5,0.0,11.3,273,Poor,996.7,10.9
2025-08-22,"Delhi, Delhi",40.8,32.1,36.4,89.3,0.0,8.2,148,Moderate,1008.1,51.1
2025-08-23,"Delhi, Delhi",40.6,34.2,37.4,53.9,0.0,18.5,121,Moderate,991.9,49.8
2025-08-24,"Delhi, Delhi",40.9,27.3,34.1,60.9,0.0,2.7,66,Satisfactory,1022.0,96.0
2025-08-25,"Delhi, Delhi",34.9,25.8,30.3,61.8,0.0,18.7,321,Very Poor,992.3,54.8
2025-08-26,"Delhi, Delhi",33.6,20.4,27.0,56.9,67.9,15.5,70,Satisfactory,1014.5,29.9
2025-08-27,"Delhi, Delhi",35.5,26.1,30.8,44.9,0.0,24.9,111,Moderate,994.8,85.6
2025-08-28,"Delhi, Delhi",44.8,32.1,38.4,69.9,1.4,22.6,83,Satisfactory,1003.4,100.0
2025-08-29,"Delhi, Delhi",44.0,33.9,39.0,75.7,0.0,8.8,142,Moderate,1004.4,48.7
2025-08-30,"Delhi, Delhi",28.9,19.1,24.0,67.2,33.1,8.8,247,Poor,1012.2,18.0
2025-08-31,"Delhi, Delhi",32.4,18.2,25.3,38.7,0.0,9.5,282,Poor,995.1,47.1
2025-09-01,"Delhi, Delhi",25.5,19.6,22.6,41.6,0.0,11.1,93,Satisfactory,1000.7,44.0
2025-09-02,"Delhi, Delhi",34.2,22.5,28.3,80.9,11.8,15.4,185,Moderate,1022.2,96.6
2025-09-03,"Delhi, Delhi",26.1,12.1,19.1,72.4,0.0,5.9,273,Poor,1001.2,96.3
2025-09-04,"Delhi, Delhi",33.6,28.0,30.8,80.5,72.4,24.3,315,Very Poor,1021.8,97.3
2025-09-05,"Delhi, Delhi",26.0,19.9,23.0,74.6,0.0,15.2,337,Very Poor,1002.2,53.3
2025-09-06,"Delhi, Delhi",26.9,21.4,24.1,57.3,0.0,6.8,179,Moderate,992.8,46.1
2025-09-07,"Delhi, Delhi",28.4,20.5,24.5,62.9,0.0,20.7,76,Satisfactory,994.1,6.8
2025-09-08,"Delhi, Delhi",43.5,31.5,37.5,46.8,0.0,14.8,169,Moderate,994.2,28.9
2025-09-09,"Delhi, Delhi",25.6,19.0,22.3,89.9,0.0,2.2,215,Poor,1016.5,69.8
2025-09-10,"Delhi, Delhi",43.3,33.7,38.5,71.7,68.1,11.9,263,Poor,992.9,20.5
2025-09-11,"Delhi, Delhi",27.6,19.6,23.6,51.3,1.4,9.3,257,Poor,1024.8,67.2
2025-09-12,"Delhi, Delhi",27.9,17.2,22.5,63.8,0.0,24.3,156,Moderate,1022.9,16.3
2025-09-13,"Delhi, Delhi",42.7,34.1,38.4,77.5,3.3,5.6,45,Good,1020.3,41.8
2025-09-14,"Delhi, Delhi",39.7,31.4,35.5,93.0,0.0,20.2,72,Satisfactory,993.8,57.6
2025-09-15,"Delhi, Delhi",41.5,35.8,38.7,71.1,0.0,19.5,40,Good,993.4,84.1
2025-09-16,"Delhi, Delhi",33.1,25.1,29.1,43.5,0.0,18.4,223,Poor,991.2,22.3
2025-09-17,"Delhi, Delhi",28.9,14.0,21.4,66.0,4.9,6.1,283,Poor,996.1,80.6
2025-09-18,"Delhi, Delhi",34.3,20.8,27.5,36.5,8.6,20.8,65,Satisfactory,1000.7,95.7
2025-09-19,"Delhi, Delhi",41.6,30.1,35.8,80.3,0.0,3.2,327,Very Poor,1000.2,69.9
2025-09-20,"Delhi, Delhi",40.0,29.2,34.6,69.1,0.0,11.0,323,Very Poor,1017.3,29.8
2025-09-21,"Delhi, Delhi",30.4,24.3,27.3,86.4,8.8,5.7,120,Moderate,1012.6,91.2
2025-09-22,"Delhi, Delhi",26.2,20.5,23.3,57.6,0.0,18.9,336,Very Poor,994.9,68.5
2025-09-23,"Delhi, Delhi",33.1,20.0,26.5,44.7,4.3,10.6,299,Poor,1009.2,31.5
2025-09-24,"Delhi, Delhi",40.2,26.4,33.3,41.4,0.0,20.8,58,Satisfactory,997.6,11.1
2025-09-25,"Delhi, Delhi",41.3,35.3,38.3,58.6,0.0,8.8,54,Satisfactory,1007.0,74.3
2025-09-26,"Delhi, Delhi",36.3,24.2,30.3,80.1,0.0,15.8,348,Very Poor,991.4,20.1
2025-09-27,"Delhi, Delhi",33.3,24.5,28.9,39.5,0.0,8.1,62,Satisfactory,1015.8,87.6
2025-09-28,"Delhi, Delhi",25.1,15.7,20.4,58.9,0.0,3.8,121,Moderate,1004.0,29.3
2025-09-29,"Delhi, Delhi",38.6,29.7,34.1,66.1,0.0,4.8,255,Poor,997.5,62.8
2025-09-30,"Delhi, Delhi",40.5,31.9,36.2,46.9,76.2,3.8,247,Poor,998.1,66.4
2025-10-01,"Delhi, Delhi",43.8,36.9,40.4,53.2,0.0,9.2,90,Satisfactory,1018.3,33.9
2025-10-02,"Delhi, Delhi",40.9,33.3,37.1,34.0,8.8,19.7,186,Moderate,990.2,76.6
2025-10-03,"Delhi, Delhi",27.3,18.6,22.9,61.3,67.7,15.7,107,Moderate,991.9,75.2
2025-10-04,"Delhi, Delhi",31.5,17.8,24.7,33.3,0.0,7.6,57,Satisfactory,996.4,60.3
2025-10-05,"Delhi, Delhi",44.4,35.5,40.0,79.2,0.0,3.6,130,Moderate,993.4,58.0
2025-10-06,"Delhi, Delhi",35.3,27.4,31.3,35.2,0.0,15.4,204,Poor,1023.4,95.9
2025-10-07,"Delhi, Delhi",41.1,30.8,36.0,66.7,8.2,14.2,122,Moderate,1003.9,77.9
2025-10-08,"Delhi, Delhi",32.8,22.0,27.4,48.6,8.1,16.7,337,Very Poor,1000.7,65.5
2025-10-09,"Delhi, Delhi",28.3,15.4,21.8,36.0,0.0,15.1,171,Moderate,1004.9,62.7
2025-10-10,"Delhi, Delhi",33.1,21.6,27.3,50.2,51.8,8.5,102,Moderate,998.7,7.5
2025-10-11,"Delhi, Delhi",28.4,22.6,25.5,77.8,67.0,15.6,313,Very Poor,1024.9,51.0
2025-10-12,"Delhi, Delhi",40.6,30.0,35.3,93.9,1.9,16.5,296,Poor,1021.4,62.1
2025-10-13,"Delhi, Delhi",39.8,34.2,37.0,61.6,8.6,3.1,340,Very Poor,1024.8,69.8
2025-10-14,"Delhi, Delhi",44.5,33.0,38.8,51.0,0.0,7.2,334,Very Poor,1007.2,42.8
2025-10-15,"Delhi, Delhi",30.4,20.4,25.4,33.5,4.0,18.5,280,Poor,993.2,8.6
2025-10-16,"Delhi, Delhi",37.6,26.7,32.1,30.8,0.0,4.3,259,Poor,1003.2,80.6
2025-10-17,"Delhi, Delhi",36.3,22.4,29.4,75.2,0.0,21.5,47,Good,1017.6,83.9
2025-10-18,"Delhi, Delhi",27.8,19.3,23.5,34.1,0.0,14.1,195,Moderate,1009.8,46.7
2025-10-19,"Delhi, Delhi",31.7,26.0,28.9,57.1,5.5,3.0,70,Satisfactory,1024.6,99.1
2025-10-20,"Delhi, Delhi",41.3,29.5,35.4,83.4,0.0,6.9,269,Poor,999.5,42.7
2025-10-21,"Delhi, Delhi",31.1,19.1,25.1,39.2,59.6,17.8,128,Moderate,1008.3,79.5
2025-10-22,"Delhi, Delhi",25.3,16.7,21.0,58.7,0.0,6.3,182,Moderate,1016.3,20.3
2025-10-23,"Delhi, Delhi",37.5,28.9,33.2,66.2,3.8,17.6,245,Poor,1013.5,23.4
2025-10-24,"Delhi, Delhi",29.2,15.9,22.5,31.4,32.3,13.5,143,Moderate,1018.1,92.8
2025-10-25,"Delhi, Delhi",39.2,29.9,34.6,83.8,0.0,8.0,145,Moderate,1015.0,56.7
2025-10-26,"Delhi, Delhi",41.5,30.2,35.9,62.0,2.9,4.6,337,Very Poor,995.1,73.4
2025-10-27,"Delhi, Delhi",44.5,37.0,40.8,75.7,0.0,18.1,209,Poor,1005.2,33.4
2025-10-28,"Delhi, Delhi",35.4,23.4,29.4,40.8,0.0,16.1,213,Poor,991.1,77.8
2025-10-29,"Delhi, Delhi",35.5,22.5,29.0,55.1,0.4,4.5,122,Moderate,991.0,81.9
2025-10-30,"Delhi, Delhi",40.9,31.6,36.2,66.2,0.0,13.7,205,Poor,1019.6,78.4
2025-10-31,"Delhi, Delhi",38.1,27.6,32.9,51.0,55.6,6.6,78,Satisfactory,1003.7,81.5
2025-11-01,"Delhi, Delhi",42.2,27.7,35.0,33.6,17.2,4.9,265,Poor,996.8,28.9
2025-11-02,"Delhi, Delhi",31.5,20.4,26.0,73.9,0.0,20.0,203,Poor,1009.1,45.8
2025-11-03,"Delhi, Delhi",34.3,24.2,29.2,80.6,0.0,5.9,221,Poor,1014.6,10.3
2025-11-04,"Delhi, Delhi",34.4,29.3,31.9,80.1,0.0,15.3,281,Poor,1019.9,19.7
2025-11-05,"Delhi, Delhi",27.6,15.2,21.4,44.3,0.0,24.4,304,Very Poor,1012.6,34.9
2025-11-06,"Delhi, Delhi",28.6,17.6,23.1,82.9,0.0,10.0,180,Moderate,1023.9,23.3
2025-11-07,"Delhi, Delhi",31.8,24.9,28.4,71.0,0.0,15.8,325,Very Poor,1013.1,14.8
2025-11-08,"Delhi, Delhi",43.0,34.5,38.7,79.5,0.3,14.8,146,Moderate,1022.8,94.2
2025-11-09,"Delhi, Delhi",26.7,21.6,24.1,44.2,0.0,17.2,175,Moderate,994.1,61.4
2025-11-10,"Delhi, Delhi",39.0,33.0,36.0,33.7,5.1,21.9,277,Poor,994.7,62.5
2025-11-11,"Delhi, Delhi",34.0,23.6,28.8,84.7,9.9,23.2,40,Good,1019.3,87.2
2025-11-12,"Delhi, Delhi",37.7,25.1,31.4,84.0,6.7,22.9,152,Moderate,1001.2,35.0
2025-11-13,"Delhi, Delhi",43.0,36.9,40.0,77.7,15.1,9.3,202,Poor,1015.9,31.3
2025-11-14,"Delhi, Delhi",31.1,19.7,25.4,39.2,8.9,17.9,339,Very Poor,1001.9,36.1
2025-11-15,"Delhi, Delhi",34.8,22.0,28.4,72.9,65.1,18.2,148,Moderate,1020.7,39.3
2025-11-16,"Delhi, Delhi",43.9,31.3,37.6,76.6,0.0,7.8,279,Poor,1023.5,32.4
2025-11-17,"Delhi, Delhi",38.2,29.7,34.0,94.6,8.1,18.3,296,Poor,996.1,88.4
2025-11-18,"Delhi, Delhi",44.7,30.5,37.6,94.6,0.0,19.2,83,Satisfactory,1023.2,19.7
2025-11-19,"Delhi, Delhi",43.6,37.4,40.5,33.6,0.0,17.7,298,Poor,990.5,65.0
2025-11-20,"Delhi, Delhi",35.3,23.4,29.3,71.9,0.8,17.4,330,Very Poor,1019.7,59.8
2025-11-21,"Delhi, Delhi",39.4,32.3,35.9,32.8,0.0,9.9,332,Very Poor,990.3,64.9
2025-11-22,"Delhi, Delhi",35.9,28.7,32.3,85.1,0.0,8.7,272,Poor,1014.0,86.2
2025-11-23,"Delhi, Delhi",34.4,25.8,30.1,58.1,7.3,24.4,192,Moderate,1003.7,37.2
2025-11-24,"Delhi, Delhi",26.8,17.7,22.3,87.0,58.7,5.9,99,Satisfactory,1011.3,91.2
2025-11-25,"Delhi, Delhi",42.8,32.0,37.4,43.7,0.0,19.2,302,Very Poor,1019.3,35.4
2025-11-26,"Delhi, Delhi",33.7,20.0,26.9,73.9,8.3,10.4,165,Moderate,1015.7,46.4
2025-11-27,"Delhi, Delhi",25.3,16.9,21.1,80.6,7.7,23.7,101,Moderate,1009.5,52.5
2025-11-28,"Delhi, Delhi",39.0,29.7,34.3,45.2,0.0,17.9,245,Poor,1012.4,63.8
2025-11-29,"Delhi, Delhi",43.5,29.7,36.6,68.4,5.1,11.9,106,Moderate,1010.3,21.2
2025-11-30,"Delhi, Delhi",41.0,26.1,33.5,90.8,0.0,22.1,244,Poor,1002.6,59.2
2025-12-01,"Delhi, Delhi",35.6,23.4,29.5,32.3,0.0,13.2,289,Poor,1017.4,59.8
2025-12-02,"Delhi, Delhi",27.3,21.8,24.6,43.0,1.9,3.2,228,Poor,1020.1,36.0
2025-12-03,"Delhi, Delhi",26.0,13.6,19.8,52.8,0.0,4.7,80,Satisfactory,1004.2,83.3
2025-12-04,"Delhi, Delhi",29.4,14.7,22.1,65.0,0.0,14.1,155,Moderate,1018.9,56.2
2025-12-05,"Delhi, Delhi",34.7,22.3,28.5,62.9,0.0,23.4,152,Moderate,1019.6,88.3
2025-12-06,"Delhi, Delhi",33.3,24.4,28.9,38.3,3.9,10.9,80,Satisfactory,1004.7,30.9
2025-12-07,"Delhi, Delhi",36.2,26.3,31.2,69.0,0.0,13.2,228,Poor,1003.0,8.7
2025-12-08,"Delhi, Delhi",30.0,24.1,27.0,40.7,48.2,24.0,291,Poor,1010.2,84.9
2025-12-09,"Delhi, Delhi",38.8,25.9,32.4,71.2,0.0,24.4,178,Moderate,1008.4,35.1
2025-12-10,"Delhi, Delhi",33.3,20.7,27.0,32.2,0.0,19.3,265,Poor,1009.1,10.9
2025-12-11,"Delhi, Delhi",38.0,28.7,33.4,66.6,0.0,14.6,250,Poor,1024.4,38.0
2025-12-12,"Delhi, Delhi",35.3,23.1,29.2,87.1,0.0,23.3,286,Poor,997.8,55.0
2025-12-13,"Delhi, Delhi",30.1,20.0,25.1,43.2,0.0,21.8,165,Moderate,1015.9,96.8
2025-12-14,"Delhi, Delhi",40.8,32.6,36.7,57.2,1.4,7.4,177,Moderate,1019.8,72.0
2025-12-15,"Delhi, Delhi",38.5,31.6,35.0,87.9,0.0,12.4,267,Poor,1006.4,39.5
2025-12-16,"Delhi, Delhi",39.3,25.7,32.5,38.9,4.8,24.4,95,Satisfactory,1020.1,34.5
2025-12-17,"Delhi, Delhi",25.2,20.1,22.6,77.1,0.0,24.1,322,Very Poor,1006.1,17.9
2025-12-18,"Delhi, Delhi",27.9,19.5,23.7,63.1,2.1,3.3,123,Moderate,1016.5,94.3
2025-12-19,"Delhi, Delhi",31.2,23.4,27.3,89.2,55.7,6.2,305,Very Poor,1022.8,56.3
2025-12-20,"Delhi, Delhi",41.7,31.4,36.6,88.3,0.0,18.0,133,Moderate,1008.9,84.0
2025-12-21,"Delhi, Delhi",27.9,17.4,22.7,49.2,0.0,20.0,106,Moderate,993.8,89.4
2025-12-22,"Delhi, Delhi",44.5,32.2,38.3,62.7,0.0,4.7,272,Poor,998.8,24.8
2025-12-23,"Delhi, Delhi",25.5,17.3,21.4,53.3,4.8,21.4,86,Satisfactory,1000.1,37.9
2025-12-24,"Delhi, Delhi",29.8,15.9,22.8,92.2,53.2,13.5,50,Good,1006.4,55.1
2025-12-25,"Delhi, Delhi",29.7,16.7,23.2,74.1,40.8,10.6,335,Very Poor,1011.0,65.8
2025-12-26,"Delhi, Delhi",35.1,22.2,28.6,70.8,0.9,22.8,118,Moderate,1022.7,84.7
2025-12-27,"Delhi, Delhi",31.6,24.8,28.2,73.7,0.0,16.1,320,Very Poor,1016.4,11.9
2025-12-28,"Delhi, Delhi",27.6,14.6,21.1,54.7,6.2,5.1,64,Satisfactory,994.0,92.8
2025-12-29,"Delhi, Delhi",31.4,20.1,25.8,91.7,0.0,7.4,202,Poor,1012.3,99.9
2025-12-30,"Delhi, Delhi",44.0,32.9,38.5,37.6,0.0,15.3,99,Satisfactory,994.0,18.4
2025-12-31,"Delhi, Delhi",28.3,18.8,23.6,71.5,0.0,10.5,117,Moderate,1007.5,34.7
